지점,일시,풍속(m/s),풍향(deg),GUST풍속(m/s),현지기압(hPa),습도(%),기온(°C),수온(°C),최대파고(m),유의파고(m),평균파고(m),파주기(sec),파향(deg)
22105,2019-01-01 01:00,6.7,297,8.5,1029.6,28,5.1,14.4,3.5,2.3,1.7,8,46
22105,2019-01-01 02:00,7.5,294,9.9,1029.8,37,5.1,14.5,3,1.9,1.4,6.4,45
22105,2019-01-01 03:00,7.4,312,9.5,1029.4,41,4.1,14.3,3.8,2.4,1.7,8,47
22105,2019-01-01 04:00,7.5,322,10,1029.1,39,4.3,14.4,3.3,1.9,1.4,7.1,40
22105,2019-01-01 05:00,7,330,9.2,1028.6,39,4.2,14.4,3.7,2.3,1.6,8,52
22105,2019-01-01 06:00,7,316,9.3,1028.5,44,3.9,14.4,3.1,2.1,1.5,9.1,55
22105,2019-01-01 07:00,6.8,319,9.6,1028.5,49,4.1,14.4,3.5,2,1.4,8,36
22105,2019-01-01 08:00,6.1,316,8.9,1028.6,49,3.9,14.4,3,2,1.4,8,35
22105,2019-01-01 09:00,5.1,302,9.5,1028.7,50,4,14.5,2.9,1.9,1.3,7.1,23
22105,2019-01-01 10:00,5.6,305,8.6,1029,47,3.8,14.6,2.7,1.7,1.2,9.1,38
22105,2019-01-01 11:00,5.3,291,7.8,1028.4,50,3.9,14.6,3,1.7,1.2,9.1,33
22105,2019-01-01 12:00,4.3,296,6.7,1027.4,47,3.5,14.7,2.7,1.7,1.2,6.4,20
22105,2019-01-01 13:00,5.3,310,8,1026.7,47,3.3,14.6,2.8,1.5,1.1,6.4,35
22105,2019-01-01 14:00,4.2,297,6.2,1025.9,45,3.2,14.6,2.4,1.5,1.1,9.1,46
22105,2019-01-01 15:00,5,310,85,1025.6,42,3.2,14.6,2.4,1.7,1.2,9.1,35
22105,2019-01-01 16:00,5.4,312,7.9,1025.6,44,3.6,14.6,2.6,1.5,1.1,9.1,35
22105,2019-01-01 17:00,5.4,308,8.4,1026,42,4,14.1,2.5,1.5,1.1,7.1,41
22105,2019-01-01 18:00,6.3,299,9.5,1025.8,36,4.1,14.5,2.7,1.5,1,8,51
22105,2019-01-01 19:00,5.7,312,8.1,1025.9,34,3.9,14.3,2.2,1.4,1,7.1,44
22105,2019-01-01 20:00,7.8,293,10.9,1026.1,38,4.1,14,2.5,1.4,1,8,57
22105,2019-01-01 21:00,7.6,310,10.2,1026.5,41,3.3,14.1,2.5,1.7,1.2,8,47
22105,2019-01-01 22:00,8,308,11.3,1026.8,46,2.8,14.1,2.5,1.6,1.2,7.1,44
22105,2019-01-01 23:00,8,307,10.8,1026.9,51,2.9,14.1,2.8,1.8,1.3,5.3,317
22105,2019-01-02 00:00,7.1,299,10.2,1027.8,49,2.2,14.1,2.7,1.8,1.3,5.3,329
22105,2019-01-02 01:00,6.7,323,9.7,1027.9,49,2.7,14.2,2.8,1.7,1.2,7.1,48
22105,2019-01-02 02:00,6.6,324,9.7,1028.2,49,2.4,14.2,2.7,1.5,1.1,5.8,21
22105,2019-01-02 03:00,5.8,312,9.3,1028.9,50,2.6,14.3,2.4,1.6,1.1,5.8,10
22105,2019-01-02 04:00,6.2,303,9.1,1029,48,2.1,14.2,2.4,1.5,1.1,6.4,23
22105,2019-01-02 05:00,5.9,296,9.4,1028.5,49,2.4,14.3,2.3,1.5,1,6.4,29
22105,2019-01-02 06:00,4.6,289,6.8,1028.7,48,2.1,14.3,2.5,1.5,1.1,6.4,32
22105,2019-01-02 07:00,3.9,318,6.9,1029.2,45,2,14.5,2.6,1.4,1,6.4,36
22105,2019-01-02 08:00,3.2,307,6,1029.8,46,2.3,14.6,2.4,1.4,1,6.4,29
22105,2019-01-02 09:00,3.9,310,6.1,1030.2,46,2.6,14.8,2.4,1.3,.9,6.4,25
22105,2019-01-02 10:00,3,305,6.2,1030.7,45,2.7,14.8,2.3,1.3,.9,5.8,32
22105,2019-01-02 11:00,4.8,304,7,1030.5,42,2.8,14.8,2.2,1.2,.8,7.1,33
22105,2019-01-02 12:00,5.7,307,8.2,1029.7,49,3,14.9,2.6,1.3,.9,7.1,43
22105,2019-01-02 13:00,6.2,303,8.3,1028.7,48,3,14.9,2.1,1.3,.9,6.4,47
22105,2019-01-02 14:00,5.7,306,8.6,1028,45,3,15,1.7,1.2,.8,5.8,36
22105,2019-01-02 15:00,5.6,313,8.2,1027.8,41,3.1,15.1,1.9,1.1,.8,6.4,39
22105,2019-01-02 16:00,5.1,315,8.3,1028.2,41,3.3,15.1,1.8,1,.7,5.8,34
22105,2019-01-02 17:00,5.1,312,7.5,1028.4,37,3.7,15.1,1.7,1,.7,5.8,38
22105,2019-01-02 18:00,4.7,320,7,1028.3,36,3.7,15.1,1.7,.9,.7,6.4,59
22105,2019-01-02 19:00,4.1,313,7.9,1028.5,38,4.2,15.1,1.6,1,.7,6.4,45
22105,2019-01-02 20:00,4.1,318,6.7,1028.6,39,4,15.1,1.4,1,.7,5.8,31
22105,2019-01-02 21:00,5.4,308,8,1028.6,39,4.6,15.1,2,1.2,.8,7.1,45
22105,2019-01-02 22:00,5.7,311,8.4,,41,4.6,15.2,2.3,1.4,1,7.1,33
22105,2019-01-02 23:00,5.2,315,8.6,1028.6,37,4.5,15.1,2.1,1.3,.9,7.1,23
22105,2019-01-03 00:00,5.9,322,8.4,1028.7,43,4.7,15.1,2.1,1.4,1,7.1,32
22105,2019-01-03 01:00,6.2,307,8.9,1028.9,42,4,15.1,2.8,1.3,.9,7.1,40
22105,2019-01-03 02:00,5.6,312,8.2,1029.1,44,4.2,15.1,2.6,1.6,1.2,7.1,31
22105,2019-01-03 03:00,5.5,331,7.7,,39,3.7,15,2.7,1.5,1,6.4,28
22105,2019-01-03 04:00,6.2,324,8.7,1029.2,43,4.1,15,2.7,1.5,1.1,6.4,36
22105,2019-01-03 05:00,5.1,332,8.7,,41,3.7,15.2,2.6,1.5,1,6.4,9
22105,2019-01-03 06:00,5.8,309,8.5,1029.6,41,4,15.3,2.5,1.7,1.2,7.1,43
22105,2019-01-03 07:00,5.2,311,7.7,1029.9,44,3.7,15.3,2.5,1.5,1.1,6.4,14
22105,2019-01-03 08:00,6.1,320,8.7,1030.5,50,3.9,15.3,2.6,1.6,1.2,7.1,46
22105,2019-01-03 09:00,5.8,313,8.2,1031.3,53,4.3,15.2,2.3,1.5,1.1,7.1,352
22105,2019-01-03 10:00,5.6,321,8.8,1031.9,52,4.2,14.9,2.7,1.7,1.2,6.4,1
22105,2019-01-03 11:00,6,303,9.2,1032,50,4.2,14.9,3.2,1.8,1.3,7.1,7
22105,2019-01-03 12:00,5.5,324,8.3,1032,52,4.3,15,3,1.6,1.2,5.3,358
22105,2019-01-03 13:00,4.6,302,7.2,1031.2,47,4.4,14.9,2.7,1.4,1,6.4,3
22105,2019-01-03 14:00,4.5,299,6.7,1030.8,49,4.3,14.9,2.2,1.3,.9,5.8,343
22105,2019-01-03 15:00,4.9,323,7,1030.7,43,4.3,15,1.8,1.3,.9,7.1,24
22105,2019-01-03 16:00,3.5,326,6.1,1031.1,45,4.7,15,2.2,1.3,.9,5.8,10
22105,2019-01-03 17:00,3.8,341,5.7,1031.3,42,4.8,15,1.8,1.1,.8,7.1,48
22105,2019-01-03 18:00,2.7,313,4.9,1031.6,41,5.1,15,1.9,1.2,.9,6.4,52
22105,2019-01-03 19:00,1,267,2.8,1031.6,39,4.7,14.9,2,1.2,.8,7.1,37
22105,2019-01-03 20:00,1,232,2.6,1031.5,39,5.1,15.1,1.9,1.2,.9,7.1,31
22105,2019-01-03 21:00,1.3,262,2.7,1031.7,38,5,15.3,2,1.2,.9,7.1,39
22105,2019-01-03 22:00,3.2,237,6.2,1032.1,39,5.8,15.2,2.2,1.2,.9,7.1,31
22105,2019-01-03 23:00,1.6,210,3.2,1031.5,40,5.6,15.3,2.7,1.4,1,7.1,35
22105,2019-01-04 00:00,1.8,182,4.1,1030.9,34,6.1,15.3,2.2,1.5,1,7.1,21
22105,2019-01-04 01:00,2.6,199,4.6,1031.1,40,6.5,15.2,2.4,1.4,1,8,26
22105,2019-01-04 02:00,2,244,3.3,1031,42,6.7,15.3,2.2,1.3,.9,7.1,27
22105,2019-01-04 03:00,2.8,304,4.3,1030.8,43,6.4,15.3,2.2,1.3,.9,6.4,34
22105,2019-01-04 04:00,2.5,284,4.1,1030.6,43,6.7,15.3,1.9,1.1,.8,7.1,42
22105,2019-01-04 05:00,1.6,299,3.7,1029.8,39,6.2,15.3,2.1,1.2,.9,6.4,35
22105,2019-01-04 06:00,2.3,302,4.2,1028.9,38,6.6,15.2,1.9,1.1,.8,6.4,38
22105,2019-01-04 07:00,3.2,295,5.6,1029.2,36,6.4,15.1,1.9,1,.7,7.1,36
22105,2019-01-04 08:00,3.1,279,5.2,1029.3,38,6.7,15,1.5,1.1,.7,7.1,36
22105,2019-01-04 09:00,2.1,253,4.7,1028.8,34,6.8,15,1.6,.9,.7,8,47
22105,2019-01-04 10:00,2.7,274,4,1028.7,37,7,15,1.7,.9,.6,7.1,32
22105,2019-01-04 11:00,2.5,257,4.2,1028.6,39,7.1,14.9,1.5,1,.7,7.1,22
22105,2019-01-04 12:00,3,240,4.7,1027.4,37,7.1,14.8,1.3,.8,.6,6.4,28
22105,2019-01-04 13:00,2.6,265,4.8,1026.4,36,7.1,14.7,1.5,.9,.6,7.1,47
22105,2019-01-04 14:00,1.9,253,3.4,1025.2,38,7.4,14.9,1.2,.9,.6,7.1,23
22105,2019-01-04 15:00,3.2,254,5.3,1024.4,38,7.7,15.3,1.4,.8,.6,6.4,44
22105,2019-01-04 16:00,4.3,263,6.5,1023.8,36,8,15.4,1.4,.8,.6,5.8,39
22105,2019-01-04 17:00,7.3,262,10.1,1022.7,30,8.7,15.4,1.4,.8,.6,7.1,44
22105,2019-01-04 18:00,8.8,275,11.4,1022.6,33,8.4,15.4,1.5,1,.7,6.4,44
22105,2019-01-04 19:00,7.5,284,9.4,1022.7,32,7.7,15.4,2,1.2,.9,3.6,269
22105,2019-01-04 20:00,8.1,279,10.4,1022.7,40,7.9,15.4,2.4,1.3,.9,4.6,296
22105,2019-01-04 21:00,7.7,281,9.9,1022.4,42,6.8,15.3,2.6,1.5,1.1,5.3,337
22105,2019-01-04 22:00,7.1,276,9.4,1022.4,44,6.7,15.3,2.5,1.5,1,5.3,2
22105,2019-01-04 23:00,8.1,288,10.5,1022,49,6.2,15.3,2.1,1.5,1,5.3,8
22105,2019-01-05 00:00,7.1,292,9.4,1022.1,50,5.9,15.3,2.5,1.4,1,4.9,338
22105,2019-01-05 01:00,7.1,286,9.3,1021.6,50,6.2,15.3,2.5,1.5,1.1,4.9,320
22105,2019-01-05 02:00,8.2,293,12,1021.2,50,6.1,15.3,2.4,1.5,1.1,5.8,15
22105,2019-01-05 03:00,7,283,9.4,1021.6,50,6.2,15.2,2.6,1.5,1.1,5.3,344
22105,2019-01-05 04:00,7.8,293,10.5,1021.3,49,6.2,15.2,2.8,1.6,1.1,5.8,6
22105,2019-01-05 05:00,8.7,293,10.9,1020.7,46,6.6,15.2,3,1.7,1.2,6.4,6
22105,2019-01-05 06:00,7.2,303,10.6,1021.2,46,6.4,15.2,3.3,1.9,1.3,5.8,359
22105,2019-01-05 07:00,8.7,300,11.1,1021.1,46,6.5,15.2,4.2,2.1,1.5,6.4,10
22105,2019-01-05 08:00,7.6,308,10.2,1021.3,43,5.6,15.2,2.8,1.8,1.3,5.8,338
22105,2019-01-05 09:00,6.8,311,9.7,,49,5.6,15.1,2.5,1.7,1.2,5.8,354
22105,2019-01-05 10:00,7.4,318,9.9,1022.5,49,5.5,15.2,2.6,1.5,1.1,5.3,346
22105,2019-01-05 11:00,6.4,320,8.7,1023.1,50,5.2,15.2,2.2,1.4,1,5.8,358
22105,2019-01-05 12:00,6.5,336,9.2,1022.9,49,5.2,15.2,2.4,1.4,1,5.8,12
22105,2019-01-05 13:00,8.3,331,10.7,1022.2,57,4.9,15.1,3.4,1.7,1.2,5.8,349
22105,2019-01-05 14:00,7.2,320,9.6,,54,4.2,15.2,2.2,1.5,1.1,5.3,3
22105,2019-01-05 15:00,7.4,330,11.5,1022.3,54,4.1,15.2,2.3,1.4,1,5.3,12
22105,2019-01-05 16:00,8.1,327,11.3,1022.3,53,4.1,15.2,2.4,1.6,1.1,5.3,359
22105,2019-01-05 17:00,8.3,339,11.9,1022.5,54,4.3,15.2,2.7,1.5,1.1,5.3,2
22105,2019-01-05 18:00,7.1,343,10,,51,4.3,15.1,2.3,1.5,1.1,4.9,340
22105,2019-01-05 19:00,6.6,333,9.5,1023.4,50,4.4,15.1,3.5,2.2,1.6,6.4,39
22105,2019-01-05 20:00,6.3,352,9.1,1023.9,48,3.9,15.1,4.6,2.4,1.7,8,41
22105,2019-01-05 21:00,6.5,339,9.8,1024.2,51,4.5,15.1,4.1,2.5,1.7,8,46
22105,2019-01-05 22:00,6.1,349,10.2,1024.9,48,4.5,15.2,3.3,2.1,1.5,8,32
22105,2019-01-05 23:00,5.8,335,9,1025.1,48,4.4,15.2,3.2,1.9,1.4,7.1,36
22105,2019-01-06 00:00,5.8,326,9,1025.1,44,3.9,15.2,3.1,2.1,1.5,7.1,28
22105,2019-01-06 01:00,6,329,8.7,1025,50,3.8,15.2,2.8,1.9,1.4,8,36
22105,2019-01-06 02:00,5.9,329,8.5,1025.2,51,4.4,15.2,4.1,1.9,1.3,7.1,31
22105,2019-01-06 03:00,5.3,340,7.7,1025.5,48,4,15.2,2.6,1.6,1.2,7.1,28
22105,2019-01-06 04:00,5,326,7.4,1025.5,53,4.5,15.2,2.6,1.7,1.2,7.1,24
22105,2019-01-06 05:00,4.2,336,6.3,1025,51,4.1,15.2,2.5,1.5,1.1,7.1,26
22105,2019-01-06 06:00,3.5,342,6.1,1025,54,4.6,15.2,2.6,1.7,1.2,6.4,30
22105,2019-01-06 07:00,4,337,6.6,1025.2,54,4.4,15.3,2.8,1.4,1,7.1,40
22105,2019-01-06 08:00,3.6,318,5.6,1025.4,52,4.9,15.3,2.4,1.4,1,7.1,22
22105,2019-01-06 09:00,4,325,6.1,1025.8,54,4.9,15.3,2.5,1.6,1.1,7.1,27
22105,2019-01-06 10:00,2.4,311,5.2,1026.3,48,5.2,15.3,2.7,1.6,1.2,7.1,35
22105,2019-01-06 11:00,1.4,302,4.2,1026.8,44,5.3,15.3,2.5,1.4,1,5.8,28
22105,2019-01-06 12:00,2.4,324,4.6,1025.9,50,5.4,15.3,2.1,1.2,.9,7.1,13
22105,2019-01-06 13:00,2.1,312,4.8,1025.1,51,5.4,15.3,1.9,1.4,1,7.1,23
22105,2019-01-06 14:00,1.4,303,3.3,1024.6,52,5.4,15.1,2.2,1.3,.9,7.1,32
22105,2019-01-06 15:00,2.2,301,4.3,1024.5,54,5.5,15.2,2.1,1.2,.8,7.1,39
22105,2019-01-06 16:00,2.1,318,3.9,1024.4,57,5.7,15.2,,1.1,.8,6.4,36
22105,2019-01-06 17:00,1.8,326,4.1,1024.7,58,5.8,15.2,1.7,1.2,.8,7.1,40
22105,2019-01-06 18:00,.6,305,1.8,1025,55,5.7,15.2,1.8,1.1,.8,7.1,21
22105,2019-01-06 19:00,1.3,277,2.6,1025.2,46,6,15.2,1.8,1.2,.8,7.1,25
22105,2019-01-06 20:00,2.2,310,3.5,1025.3,48,5.8,15.1,1.8,1,.7,7.1,21
22105,2019-01-06 21:00,2.2,301,4.2,1025.5,50,6.4,15,2.1,1.2,.9,7.1,22
22105,2019-01-06 22:00,3.1,272,5.7,1025.6,49,6,15,1.6,1.1,.7,6.4,25
22105,2019-01-06 23:00,1.9,265,4.5,1025.4,48,6.3,15,2,1.1,.8,6.4,28
22105,2019-01-07 00:00,2.7,255,4.5,1025.1,49,6,15,2.2,1.1,.8,6.4,31
22105,2019-01-07 01:00,4.9,288,6.8,1024.5,49,6.4,15,2.3,1.2,.8,6.4,12
22105,2019-01-07 02:00,4.7,300,7,1024.5,47,6.2,15,2,1,.7,6.4,29
22105,2019-01-07 03:00,4,288,6.5,1024.5,48,5.8,15,1.9,1.1,.8,6.4,20
22105,2019-01-07 04:00,3.5,300,5.6,1024.5,47,6,15.1,1.9,1.1,.8,7.1,32
22105,2019-01-07 05:00,4.6,291,6.8,1024.3,42,5.7,15,1.8,1.3,.9,7.1,36
22105,2019-01-07 06:00,5.1,287,7.8,1024.3,39,6,15.1,2.3,1.3,.9,7.1,38
22105,2019-01-07 07:00,6.6,299,10,1024.1,41,5.5,15.1,2.3,1.3,.9,7.1,44
22105,2019-01-07 08:00,6,304,9.4,1023.9,42,5.6,15.1,1.9,1.2,.8,6.4,39
22105,2019-01-07 09:00,6.5,304,9.1,1024,34,5.3,15.1,2.2,1.2,.8,7.1,43
22105,2019-01-07 10:00,8.1,305,10.5,1024.4,40,5.3,15.1,1.9,1.2,.9,6.4,34
22105,2019-01-07 11:00,7.2,309,10.4,1024.5,33,5,15,2.3,1.4,1,7.1,39
22105,2019-01-07 12:00,7.1,302,9.2,1023.9,43,4.9,14.9,2.3,1.3,1,5.8,37
22105,2019-01-07 13:00,6,309,9.3,1023.1,37,4.7,14.8,2.1,1.3,.9,4.9,6
22105,2019-01-07 14:00,6.5,307,8.4,1022.6,40,4.8,14.8,2,1.2,.8,6.4,48
22105,2019-01-07 15:00,6.5,315,9.3,1022.4,42,5,14.7,2.1,1.1,.8,4.6,337
22105,2019-01-07 16:00,5.2,303,9,1022.8,39,5.2,14.7,1.9,1.2,.8,6.4,33
22105,2019-01-07 17:00,5.1,311,7.1,1022.7,40,5.6,14.7,2,1.1,.8,5.3,15
22105,2019-01-07 18:00,5,294,8.2,1023.1,38,6,14.8,1.7,1.1,.8,5.8,35
22105,2019-01-07 19:00,4.8,289,7.3,1023,38,5.9,14.9,1.5,.9,.7,5.3,17
22105,2019-01-07 20:00,5.1,294,7.4,1022.7,37,6.7,15,1.6,1,.7,5.3,8
22105,2019-01-07 21:00,6.6,292,9.9,1022.5,42,6.4,15,1.7,1,.7,7.1,55
22105,2019-01-07 22:00,6.9,284,10.1,1022.6,46,6.4,15.1,2,1.1,.8,4.9,10
22105,2019-01-07 23:00,7.5,292,10.7,1022.5,40,5.5,15,2.3,1.3,.9,5.3,20
22105,2019-01-08 00:00,6.7,287,10,1022.2,44,5.7,15,1.9,1.2,.9,4.6,338
22105,2019-01-08 01:00,6.1,287,8.5,1022.3,41,5.2,15,1.9,1.2,.9,4.9,335
22105,2019-01-08 02:00,6.6,295,8.9,1022.2,40,5.6,15,2.5,1.4,1,4.9,348
22105,2019-01-08 03:00,6.9,301,9.2,1022.5,42,5.4,14.9,2.5,1.4,1,5.3,346
22105,2019-01-08 04:00,7.7,305,10.7,1022.2,43,5,14.9,2.2,1.2,.8,4.9,333
22105,2019-01-08 05:00,8,308,10.1,1022,47,5.3,14.8,2.7,1.5,1.1,5.8,357
22105,2019-01-08 06:00,7.1,311,9.6,1022.3,43,4.4,14.6,2.7,1.5,1.1,5.8,348
22105,2019-01-08 07:00,8,303,10.5,1022.6,45,4.3,14.7,2.3,1.6,1.1,5.3,9
22105,2019-01-08 08:00,7.3,311,10.8,1022.6,42,3.8,14.7,2.8,1.6,1.1,6.4,349
22105,2019-01-08 09:00,6.9,301,9.8,1022.7,46,4,14.8,2.9,1.7,1.2,7.1,349
22105,2019-01-08 10:00,6.6,306,10.2,1023.3,45,4,14.8,2.8,1.5,1.1,5.8,340
22105,2019-01-08 11:00,6.4,316,8.7,1023.4,46,3.7,14.7,2,1.3,.9,5.8,338
22105,2019-01-08 12:00,6.1,312,8.8,1022.8,46,3.6,14.7,2.5,1.3,.9,6.4,332
22105,2019-01-08 13:00,5.7,300,8.8,1021.6,45,3.5,14.6,2,1.2,.8,5.8,354
22105,2019-01-08 14:00,6.2,309,9.3,1020.5,40,3.7,14.6,2,1.2,.9,4.9,332
22105,2019-01-08 15:00,6,288,8.3,,38,4.5,14.7,1.6,1.2,.8,6.4,21
22105,2019-01-08 16:00,6.3,295,10.9,1020.3,30,4.8,14.7,1.9,1.1,.8,5.8,3
22105,2019-01-08 17:00,7.6,317,11.4,1020.5,38,5,14.6,2.2,1.2,.9,5.3,355
22105,2019-01-08 18:00,8.6,294,12.4,1020.4,35,5.5,14.5,2.1,1.3,.9,4.9,0
22105,2019-01-08 19:00,10.6,299,13.8,1020.6,38,5.1,14.5,2.6,1.5,1,4.9,319
22105,2019-01-08 20:00,11.4,298,15.5,1021.4,38,3.7,14.4,2.6,1.9,1.4,5.3,318
22105,2019-01-08 21:00,11.4,298,15.5,1022.3,43,3.6,14.4,3.4,2.2,1.6,5.8,343
22105,2019-01-08 22:00,11.8,324,16.9,1023.9,43,2.5,14.2,3.6,2.7,1.9,6.4,342
22105,2019-01-08 23:00,14.8,332,19,1024.6,60,2.2,14.1,5.5,2.8,2,6.4,338
22105,2019-01-09 00:00,15.3,324,23.6,1025.7,63,1.9,14.3,5.5,3.2,2.3,8,348
22105,2019-01-09 01:00,12.3,336,17,1026.5,58,1.9,14.3,6.7,3.3,2.4,7.1,340
22105,2019-01-09 02:00,11.8,339,17.4,1027.3,58,1.7,14.3,5.8,3.7,2.6,8,340
22105,2019-01-09 03:00,10.8,345,15.8,1028.9,59,2.1,14.3,5.3,3.1,2.2,7.1,0
22105,2019-01-09 04:00,10.5,349,14.2,1029.7,57,1.8,14.3,4.9,3,2.1,8,351
22105,2019-01-09 05:00,10,354,13.2,1030.4,54,1,14.3,4.3,2.5,1.8,7.1,348
22105,2019-01-09 06:00,8.5,350,12.9,1031,56,1.4,14.4,3.9,2.6,1.9,6.4,8
22105,2019-01-09 07:00,6.9,353,10.1,1031.6,53,.9,14.3,3.9,2.1,1.5,8,22
22105,2019-01-09 08:00,6,338,9.8,1032,55,1.5,14.3,3.6,2.2,1.5,7.1,20
22105,2019-01-09 09:00,4.7,338,7.7,1032.5,54,1.5,14.2,4.3,3.1,2.2,8,21
22105,2019-01-09 10:00,3.3,352,7.4,1032.8,49,1.8,14.3,4.1,2.7,1.9,8,31
22105,2019-01-09 11:00,3.8,340,7.6,1032.8,54,2,14.3,4.7,2.7,1.9,8,3
22105,2019-01-09 12:00,1.6,299,3.9,1032.1,50,1.9,14.3,4.3,2.4,1.7,8,12
22105,2019-01-09 13:00,1.6,251,4.4,1031,51,2,14.3,3.9,2.3,1.6,8,6
22105,2019-01-09 14:00,2.8,233,6.2,1030.2,51,2.2,14.5,3.3,2.1,1.5,8,16
22105,2019-01-09 15:00,4.1,210,7,1029.5,50,2.5,14.7,3.3,1.8,1.3,8,10
22105,2019-01-09 16:00,3.9,206,6.1,1029,58,2.8,14.8,2.9,1.9,1.4,8,4
22105,2019-01-09 17:00,6,208,8.3,1028.4,54,3.8,14.4,2.7,1.5,1.1,8,31
22105,2019-01-09 18:00,7.2,198,9.5,1027.8,54,4.8,13.9,2.6,1.6,1.2,8,17
22105,2019-01-09 19:00,5.9,217,7.9,,37,5.1,13.4,2.2,1.5,1.1,7.1,19
22105,2019-01-09 20:00,6.1,208,8.5,1026.6,36,5.6,13.4,2.3,1.4,1,7.1,14
22105,2019-01-09 21:00,5.5,219,7.7,1025.6,35,5.8,13.3,2.4,1.4,1,6.4,9
22105,2019-01-09 22:00,5,212,6.9,1024.9,38,5.5,13.3,2.3,1.3,.9,8,25
22105,2019-01-09 23:00,4.4,226,6.4,1024.4,37,6,13.3,1.9,1.1,.8,7.1,12
22105,2019-01-10 00:00,4.6,225,6.6,1024,39,5.7,13.3,1.6,1,.7,7.1,7
22105,2019-01-10 01:00,3.1,240,4.9,1023.2,40,6,13.3,2.1,1,.7,6.4,358
22105,2019-01-10 02:00,3.8,247,5.5,1022.1,33,6.3,13.1,1.7,1,.7,6.4,50
22105,2019-01-10 03:00,3,251,4.4,1021.8,30,6.9,13.4,1.5,.9,.6,7.1,26
22105,2019-01-10 04:00,3.2,270,5.7,1021.3,26,7,13.8,1.5,.9,.6,3.8,202
22105,2019-01-10 05:00,5.4,290,6.9,1020.8,30,7.5,14.1,1.5,.9,.6,6.4,19
22105,2019-01-10 06:00,8,280,11.1,1020.1,29,7.8,14.4,1.7,1.1,.8,3.8,288
22105,2019-01-10 07:00,8.2,295,10.7,1019.7,30,7.1,14.5,2.3,1.3,.9,5.3,310
22105,2019-01-10 08:00,7.8,277,10.1,,32,8,14.6,1.8,1.1,.8,4.6,306
22105,2019-01-10 09:00,8.4,273,10.1,1019.7,30,8,14.5,2,1.2,.9,4.6,319
22105,2019-01-10 10:00,6.8,264,8.5,1019.6,29,8,14.4,1.9,1.2,.9,5.8,326
22105,2019-01-10 11:00,6,268,8.2,1019.6,31,7.6,14.1,2.2,1.2,.9,5.3,323
22105,2019-01-10 12:00,6.9,277,8.6,1018.8,33,7.7,14.1,1.9,1.1,.8,4.6,310
22105,2019-01-10 13:00,8.2,287,10.2,1017.6,36,7.4,14.3,2.2,1.4,1,4.9,318
22105,2019-01-10 14:00,7,300,9.3,1017.5,36,7.2,14.1,2.2,1.3,.9,4.9,329
22105,2019-01-10 15:00,6.9,296,8.6,1017.1,36,7.4,14.1,2,1.2,.8,4.9,328
22105,2019-01-10 16:00,5.6,296,7.5,1017.3,38,7.9,14.2,1.9,1.1,.8,5.3,341
22105,2019-01-10 17:00,5.5,286,7.8,1017.8,36,8.5,14.4,1.9,1.2,.9,4.6,322
22105,2019-01-10 18:00,7.7,287,10,1018.1,34,8.5,14.4,1.8,1.2,.9,4.6,322
22105,2019-01-10 19:00,7.9,281,10,1018.5,34,8,14.4,2.1,1.3,.9,4.6,319
22105,2019-01-10 20:00,6.3,297,9,1018.8,39,7.9,14.4,2.3,1.4,1,4.6,315
22105,2019-01-10 21:00,7.9,292,10.2,1019.7,43,7.3,14.4,2.1,1.3,.9,5.3,311
22105,2019-01-10 22:00,8.2,306,10,1020.2,46,7.2,14.4,2.3,1.3,.9,5.3,331
22105,2019-01-10 23:00,6.6,317,9,1020.8,46,7.4,14.4,2.2,1.6,1.1,5.3,339
22105,2019-01-11 00:00,5.9,316,8.2,1021.1,45,7.2,14.4,2.3,1.4,1,5.8,341
22105,2019-01-11 01:00,6,329,8.9,1021.5,46,6.7,14.4,2,1.2,.9,6.4,348
22105,2019-01-11 02:00,6.3,339,8.6,1022.3,43,7,14.5,2.2,1.2,.9,5.3,329
22105,2019-01-11 03:00,4.6,341,7.2,1023.3,43,6.6,14.5,2,1.4,1,5.8,351
22105,2019-01-11 04:00,4.7,349,7,1023.4,48,6.8,14.5,2,1.3,.9,5.8,336
22105,2019-01-11 05:00,4.8,332,7.2,1023.5,47,6.4,14.4,2,1.2,.9,6.4,338
22105,2019-01-11 06:00,4.6,326,6.5,1023.6,51,6.5,14.4,1.8,1.2,.8,5.3,12
22105,2019-01-11 07:00,5.6,337,7.9,1024.1,54,6.7,14.4,1.8,1,.7,5.3,7
22105,2019-01-11 08:00,5.6,334,7.6,1024.5,52,5.9,14.4,1.8,1.1,.8,4.6,17
22105,2019-01-11 09:00,4,337,6.3,1025.3,50,6.1,14.5,1.9,1.1,.8,6.4,358
22105,2019-01-11 10:00,3.4,325,5.2,1026,52,6.2,14.6,1.6,1,.7,5.8,0
22105,2019-01-11 11:00,4.4,331,6.4,1025.8,53,6.3,14.5,1.5,1,.7,5.8,8
22105,2019-01-11 12:00,2.7,324,4.4,1025.9,51,6.3,14.5,1.8,1,.7,5.8,338
22105,2019-01-11 13:00,3.1,322,5.2,1025.2,54,6.6,14.5,1.3,.8,.6,6.4,336
22105,2019-01-11 14:00,2.4,294,3.9,1024.8,53,6.5,14.5,1.2,.8,.6,5.3,354
22105,2019-01-11 15:00,1.9,305,4.1,1024.4,53,6.5,14.7,1.1,.6,.5,5.3,345
22105,2019-01-11 17:00,.5,133,2,1024.5,52,7.5,14.7,1.2,.6,.4,6.4,47
22105,2019-01-11 18:00,.2,190,1.3,1024.5,56,7.1,14.7,1.3,.7,.5,5.8,11
22105,2019-01-11 19:00,1.3,90,2.9,1024.1,56,7.4,14.7,1.3,.8,.6,7.1,31
22105,2019-01-11 20:00,1.1,161,2.8,1024.4,55,7.3,14.7,1.8,1.1,.7,7.1,29
22105,2019-01-11 21:00,1.6,216,2.9,1024.1,56,7.9,14.7,2,1.2,.8,6.4,27
22105,2019-01-11 22:00,1.7,235,3.6,1023.9,55,8.2,14.7,1.8,1.1,.8,6.4,19
22105,2019-01-11 23:00,.7,161,1.7,1022.9,54,7.8,14.7,1.9,1.1,.8,4.9,28
22105,2019-01-12 00:00,.5,269,1.6,1022.3,56,8.2,14.7,1.9,1.2,.8,6.4,24
22105,2019-01-12 01:00,1,89,2.3,1021.7,53,8.1,14.8,1.9,1,.7,6.4,0
22105,2019-01-12 02:00,.1,213,2,1021.6,52,8.6,14.8,2,1,.7,6.4,23
22105,2019-01-12 03:00,.2,74,1.4,1021.4,50,8.4,14.8,1.7,1.1,.8,7.1,35
22105,2019-01-12 04:00,1.1,340,2.7,1021.3,54,9,14.8,1.6,1,.7,6.4,15
22105,2019-01-12 05:00,1,156,2.3,1021.1,61,8.6,14.8,1.5,1,.7,5.8,26
22105,2019-01-12 06:00,1,64,4.2,1020.7,67,8.1,14.8,2,1.1,.8,5.8,24
22105,2019-01-12 07:00,3,18,5.5,1021.6,80,6.4,14.5,1.8,1.1,.7,5.8,27
22105,2019-01-12 08:00,1.9,11,3,1022.1,82,5.5,14.4,1.8,1,.7,5.3,13
22105,2019-01-12 09:00,2.7,351,4.1,1021.9,78,6.3,14.5,1.5,.9,.6,5.8,12
22105,2019-01-12 10:00,5.1,339,6.5,1021.7,78,6.4,14.5,1.5,.9,.7,5.3,54
22105,2019-01-12 11:00,4.8,330,6.2,1021.8,80,6.3,14.5,1.4,.9,.6,6.4,44
22105,2019-01-12 12:00,4.2,331,5.6,1021.2,74,6.5,14.5,1.5,1,.7,6.4,66
22105,2019-01-12 14:00,4.7,318,6.2,1019.9,77,6.7,14.6,1.8,1,.7,4.6,119
22105,2019-01-12 15:00,4.9,353,7.4,1020,75,6.8,14.7,1.7,1,.7,4.6,93
22105,2019-01-12 16:00,6.8,356,8.7,1020.1,77,7,14.6,1.8,1.1,.8,4.6,88
22105,2019-01-12 17:00,6.8,4,8.8,1020.4,76,6.8,14.6,1.9,1.1,.8,4.9,35
22105,2019-01-12 18:00,6,342,7.8,1021.3,75,6.3,14.6,1.9,1.1,.8,5.3,95
22105,2019-01-12 19:00,7.1,350,9.6,1022,76,6.7,14.6,1.7,1.1,.8,4.9,59
22105,2019-01-12 20:00,5.7,358,7.6,1022.2,72,6.2,14.6,1.6,1,.7,4,17
22105,2019-01-12 21:00,6.7,12,9.3,1021.8,69,7.4,14.4,1.8,1.1,.8,4.6,343
22105,2019-01-12 22:00,6,351,7.9,1021.9,65,7.2,14.4,1.8,1.1,.8,5.8,73
22105,2019-01-12 23:00,7,4,9.3,,62,7.5,14.4,1.6,1.1,.8,5.3,129
22105,2019-01-13 00:00,7.5,359,10.1,1021.8,63,7.9,14.4,1.7,1.2,.8,4.9,43
22105,2019-01-13 01:00,6.9,346,8.8,1021.6,61,7.5,14.4,2.1,1.1,.8,4.9,57
22105,2019-01-13 02:00,7.1,345,9.2,1021.8,62,7.6,14.3,1.9,1.1,.8,5.3,92
22105,2019-01-13 03:00,7.2,330,9.4,1022.3,63,7.3,14.3,1.7,1,.7,4.3,58
22105,2019-01-13 04:00,8.3,335,10.6,1022.2,67,7.6,14.3,2.1,1.1,.8,4,339
22105,2019-01-13 05:00,7.5,336,10.2,1021.9,65,7,14.3,1.9,1.1,.8,4.6,38
22105,2019-01-13 06:00,8.3,347,10.2,1021.9,70,7.1,14.3,2.1,1.2,.9,4.6,15
22105,2019-01-13 07:00,8.3,345,10.2,1022.2,70,7.2,14.3,2.4,1.3,.9,4.3,8
22105,2019-01-13 08:00,8.7,337,11.1,1022.5,68,7.2,14.2,2.2,1.5,1,4.6,29
22105,2019-01-13 09:00,8.2,349,11,1022.4,69,7.6,14.2,2.7,1.6,1.1,4.9,48
22105,2019-01-13 10:00,7,357,9,,67,7.6,14.3,2,1.4,1,4.6,46
22105,2019-01-13 11:00,6.6,354,9,1023.8,67,7.6,14.3,2.5,1.3,.9,4.9,52
22105,2019-01-13 12:00,3.8,41,6.6,1023.6,73,7.1,14.3,1.7,1.2,.9,4.3,26
22105,2019-01-13 13:00,4.5,41,6.2,1022.8,78,6.7,14.4,1.8,1,.7,4.9,61
22105,2019-01-13 14:00,2.7,355,3.9,1022.6,79,6.7,14.4,2,1,.7,4.9,79
22105,2019-01-13 15:00,5.6,4,7.6,1022.5,73,7.5,14.5,1.5,.9,.7,4.9,65
22105,2019-01-13 16:00,4.8,358,6.5,1022.9,75,7.5,14.5,1.7,1,.7,4.9,81
22105,2019-01-13 17:00,4.2,9,6,1023.1,68,7.9,14.5,1.5,1,.7,4.9,54
22105,2019-01-13 18:00,3.5,36,5.2,1023.3,69,8.1,14.5,1.4,.8,.6,4.9,53
22105,2019-01-13 19:00,3.5,81,5.3,1023.6,73,7.7,14.4,1.4,.9,.6,4.9,46
22105,2019-01-13 20:00,2.4,66,4.4,1023.8,68,7.7,14.4,1.5,.8,.6,4.9,54
22105,2019-01-13 21:00,2.2,98,3.7,1023.8,66,8,14.4,1.5,.7,.5,4.6,102
22105,2019-01-13 22:00,1.1,97,2.5,1023.7,64,7.7,14.4,1.2,.7,.5,4.6,92
22105,2019-01-13 23:00,1.4,70,2.5,1023.8,64,7.9,14.4,1.2,.7,.5,4.9,56
22105,2019-01-14 00:00,1.2,104,2.1,1023.8,62,8.3,14.5,1.2,.7,.5,5.3,79
22105,2019-01-14 01:00,.4,125,2.2,1023.8,60,8,14.5,1.1,.7,.5,5.3,68
22105,2019-01-14 02:00,2.4,53,3.7,1023.6,65,7.4,14.5,1.1,.7,.5,4.6,78
22105,2019-01-14 03:00,1.7,62,4.1,1024,65,7.6,14.5,1,.6,.4,4.3,75
22105,2019-01-14 04:00,4.4,294,6.6,1023.8,61,8.5,14.5,.9,.6,.4,4.6,71
22105,2019-01-14 05:00,3.9,309,6.2,1023.4,55,7.9,14.5,.9,.5,.4,4.9,50
22105,2019-01-14 06:00,2.7,336,5,1023.3,52,8.2,14.4,1,.6,.4,4.3,90
22105,2019-01-14 07:00,4.8,341,6.4,1023.7,48,8.2,14.4,.9,.6,.4,4.6,120
22105,2019-01-14 08:00,3.7,339,5.1,1024.2,41,7.7,14.4,1.1,.5,.4,4.9,135
22105,2019-01-14 09:00,3.2,320,4.8,1024.5,44,8,14.4,.9,.6,.4,4.3,76
22105,2019-01-14 10:00,2.8,305,4.6,1024.8,43,8,14.5,1.1,.7,.5,4.9,85
22105,2019-01-14 11:00,3.1,323,4.8,1025,49,8,14.6,1,.6,.4,4.6,129
22105,2019-01-14 12:00,1.7,321,3.2,1024.4,48,8.1,14.6,1,.5,.4,4.6,77
22105,2019-01-14 13:00,2.4,296,3.7,1023.9,49,8.1,14.6,.9,.5,.4,3.4,284
22105,2019-01-14 14:00,1.8,278,3.3,1023.5,47,8.3,14.6,.9,.5,.3,3.8,342
22105,2019-01-14 15:00,.9,261,2.2,1023,44,8.4,14.5,.7,.5,.3,4.3,89
22105,2019-01-14 16:00,.6,90,2.1,1022.5,43,8.7,14.4,.8,.4,.3,3.2,331
22105,2019-01-14 17:00,1.3,126,2.6,1022.4,46,8.6,14.4,.8,.5,.3,3.8,116
22105,2019-01-14 18:00,3.7,162,5.5,1022.4,49,8.9,14.4,.8,.4,.3,4.9,70
22105,2019-01-14 19:00,4.9,182,7.5,1022.4,49,8.9,13.9,.7,.5,.3,6.4,40
22105,2019-01-14 20:00,5.4,171,7.2,1021.9,51,9.5,13.1,.9,.5,.4,4,111
22105,2019-01-14 21:00,6.4,178,8.3,1021.1,51,9.5,14.1,1,.7,.5,2.3,222
22105,2019-01-14 22:00,8,195,10.4,1020.8,47,9.9,14.2,1.3,.7,.5,2.9,227
22105,2019-01-14 23:00,9,206,11.6,1020.6,43,9.5,14.2,1.6,.9,.7,3.8,201
22105,2019-01-15 00:00,8.8,221,11.2,1020.2,39,9,14.2,1.9,1.1,.8,3.6,222
22105,2019-01-15 01:00,5.3,251,9.4,1019.8,40,8.9,14.3,1.5,.9,.7,3.8,216
22105,2019-01-15 02:00,5.7,237,8,1018.5,36,8.6,14.5,1.2,.8,.5,3.2,204
22105,2019-01-15 03:00,7.3,252,9.4,1018.1,33,9,14.5,1.2,.8,.6,3.8,214
22105,2019-01-15 04:00,7.7,284,10.6,1017.4,39,7.9,14.5,1.5,.8,.6,3.6,236
22105,2019-01-15 05:00,10.7,295,12.9,1017.3,55,6.9,14.6,1.6,1.1,.7,4,233
22105,2019-01-15 06:00,9.8,294,12.6,1017.2,57,6.1,14.6,2.2,1.3,.9,3.8,284
22105,2019-01-15 07:00,7.8,295,11.1,1016.8,51,6,14.6,2.5,1.3,.9,4.6,312
22105,2019-01-15 08:00,9.9,292,13,1017.2,52,6.7,14.6,2.3,1.5,1,4.9,282
22105,2019-01-15 09:00,8.5,294,10.5,1017.4,50,6.5,14.5,2.9,2,1.4,5.3,319
22105,2019-01-15 10:00,8.1,285,10.6,1017.3,49,6.7,14.5,3.5,1.9,1.3,5.3,325
22105,2019-01-15 11:00,9,281,11.8,1017.8,50,6.6,14.5,2.8,1.8,1.3,5.3,328
22105,2019-01-15 12:00,9.4,284,11.8,1017.8,48,6.3,14.5,2.7,1.8,1.3,6.4,328
22105,2019-01-15 13:00,9.3,306,11.5,1016.7,49,6.1,14.6,3,1.8,1.3,5.8,333
22105,2019-01-15 14:00,9.1,290,12.4,1016.4,50,6.2,14.6,3.5,1.6,1.2,5.8,327
22105,2019-01-15 15:00,9.4,299,12.8,1016.6,46,6.3,14.5,2.9,1.9,1.4,5.8,345
22105,2019-01-15 16:00,10.4,289,13.3,1016.9,46,6.2,14.4,3.4,2.2,1.5,6.4,354
22105,2019-01-15 17:00,9.7,298,13.2,1016.8,43,5.9,14.2,3.4,2.1,1.5,5.8,344
22105,2019-01-15 18:00,9.9,301,13.4,1017.2,49,5.5,14,3.7,2.2,1.5,5.8,330
22105,2019-01-15 19:00,8.5,303,11.4,1017.9,47,5,14,3,1.9,1.4,4.9,342
22105,2019-01-15 20:00,10,301,14.3,1018.4,47,4.5,14,3,1.9,1.4,5.3,321
22105,2019-01-15 21:00,8.5,303,11.8,1019.2,45,4.2,14,3.5,2,1.4,6.4,327
22105,2019-01-15 22:00,8,304,11,1019.5,44,3.5,13.9,3.5,1.8,1.3,5.8,331
22105,2019-01-15 23:00,12.4,335,15.5,1019.7,83,1.3,14,3.1,2,1.4,5.8,331
22105,2019-01-16 00:00,11,320,14,1021.1,88,.9,14.1,3.5,2.2,1.5,5.8,341
22105,2019-01-16 01:00,11.6,336,14.5,1020.4,73,1.4,14.1,4.6,2.5,1.8,5.8,336
22105,2019-01-16 02:00,10.4,339,13.5,1020.7,67,1.7,14.1,4.3,2.3,1.7,8,338
22105,2019-01-16 03:00,10.2,332,14,1021.5,60,1.6,14.2,3.8,2.2,1.6,7.1,339
22105,2019-01-16 04:00,10.3,331,14,1021.9,66,1.4,14.3,3.2,1.9,1.3,7.1,322
22105,2019-01-16 05:00,9.8,333,13.1,1021.8,57,1.3,14.4,3.1,2.1,1.5,5.8,326
22105,2019-01-16 06:00,9.6,343,13.6,1021.8,64,1.1,14.4,4.1,2.4,1.7,6.4,22
22105,2019-01-16 07:00,6.7,321,9.9,1022.2,51,.5,14.4,4,2.6,1.9,8,42
22105,2019-01-16 08:00,4.8,311,7.6,1023,51,.3,14.4,3.8,2.3,1.7,8,35
22105,2019-01-16 09:00,4.3,322,6.9,1023.1,52,.6,14.4,3.6,2.1,1.5,8,38
22105,2019-01-16 10:00,3.9,322,6.7,1023,55,.5,14.5,3.4,2.3,1.7,8,37
22105,2019-01-16 11:00,2.6,307,5,1023.3,57,.4,14.6,3.7,2.2,1.6,8,38
22105,2019-01-16 12:00,3.3,260,5.5,1022.6,54,.5,14.6,3,2,1.4,9.1,37
22105,2019-01-16 13:00,4.5,246,7.6,1021.7,50,1,14.6,3.1,1.8,1.3,8,36
22105,2019-01-16 14:00,4.8,236,7.3,1020.5,41,2,14.9,3.2,1.9,1.4,8,33
22105,2019-01-16 15:00,6.6,268,9.8,1019.9,34,2.9,14.9,2.9,1.8,1.3,8,33
22105,2019-01-16 16:00,6.6,289,9.1,1019.1,32,3.7,15,2.8,1.6,1.1,8,48
22105,2019-01-16 17:00,6.4,292,9.9,1019,34,3.9,15,3.2,1.8,1.3,8,46
22105,2019-01-16 18:00,7.7,276,11,1018.7,37,4.9,14.9,2.9,1.5,1.1,7.1,36
22105,2019-01-16 19:00,6.9,270,9.9,1018.8,36,4.5,14.9,2.4,1.4,1,7.1,32
22105,2019-01-16 20:00,7.5,285,10.2,1018.8,34,4.6,14.9,2.6,1.6,1.1,7.1,31
22105,2019-01-16 21:00,8.6,275,12.3,1018.6,40,3.7,14.9,3,1.7,1.2,7.1,51
22105,2019-01-16 22:00,9.9,287,12.7,1018.5,40,4.3,14.8,2.7,1.7,1.2,5.8,10
22105,2019-01-16 23:00,9.7,288,13.2,1018.2,41,3.5,14.8,2.6,1.7,1.2,4.9,333
22105,2019-01-17 00:00,9.8,290,12.3,1018.5,45,3.4,14.7,3.2,2,1.4,5.3,322
22105,2019-01-17 01:00,11,293,13.7,1018.1,49,3,14.5,3.1,2,1.4,7.1,1
22105,2019-01-17 02:00,10.2,293,14.5,1017.8,56,3,14.5,3.8,2.1,1.5,7.1,12
22105,2019-01-17 03:00,10.5,293,13.7,1017.4,58,3.6,14.5,3.7,2.1,1.5,6.4,337
22105,2019-01-17 04:00,9.4,283,12.8,1017.4,57,3.1,14.5,3.3,2,1.4,5.8,326
22105,2019-01-17 05:00,9.1,280,12.6,,57,3.7,14.5,3.6,2,1.4,5.8,328
22105,2019-01-17 06:00,9.2,283,13.1,1016.8,54,3.3,14.5,3.4,2,1.4,6.4,329
22105,2019-01-17 07:00,10.5,281,14.8,1016.6,56,3.7,14.5,3.2,2,1.4,6.4,336
22105,2019-01-17 08:00,9.9,278,13.2,1017.2,52,3.8,14.4,3.4,1.9,1.3,6.4,340
22105,2019-01-17 09:00,8.7,292,11.3,1017,53,4.3,14.5,2.8,1.8,1.3,6.4,342
22105,2019-01-17 10:00,9.2,290,11.8,1017.4,50,4.8,14.5,2.6,1.9,1.3,5.3,327
22105,2019-01-17 11:00,7.6,288,10.5,1017.8,51,4.8,14.5,3,1.8,1.3,5.3,326
22105,2019-01-17 12:00,7.3,301,10.3,1017.6,45,5,14.5,2.9,1.7,1.2,7.1,18
22105,2019-01-17 13:00,7.5,310,9.8,1016.8,44,5.3,14.6,3.3,1.8,1.3,6.4,335
22105,2019-01-17 14:00,7.6,301,10,1016.3,45,5.6,14.5,3.2,1.9,1.4,7.1,352
22105,2019-01-17 15:00,7.5,305,10.3,1016.1,44,6.2,14.6,2.8,1.8,1.3,6.4,339
22105,2019-01-17 16:00,7.4,327,10.7,1016.5,46,6.5,14.7,2.4,1.6,1.1,4.9,335
22105,2019-01-17 17:00,9.1,323,11.6,1017,48,7,14.7,2.8,1.7,1.2,5.3,323
22105,2019-01-17 18:00,8.8,326,10.9,1017.6,43,6.9,14.6,2.5,1.7,1.2,6.4,349
22105,2019-01-17 19:00,8.5,328,11.6,1018.2,41,6.8,14.7,2.4,1.7,1.2,5.3,317
22105,2019-01-17 20:00,9,319,11.2,1018.9,39,7.3,14.7,2.9,1.8,1.3,7.1,341
22105,2019-01-17 21:00,8.2,320,10.9,1019.8,38,7.1,14.7,2.6,1.6,1.1,7.1,356
22105,2019-01-17 22:00,7.9,320,11.1,1020.3,39,6.6,14.7,2.9,1.7,1.2,6.4,344
22105,2019-01-17 23:00,8.5,324,11.7,1021.2,40,6.9,14.7,2.8,1.6,1.1,7.1,349
22105,2019-01-18 01:00,7.1,332,9.9,1022.4,42,6.3,14.7,2.4,1.8,1.3,6.4,334
22105,2019-01-18 02:00,6.8,325,9.9,1022.6,43,5.8,14.7,2.7,1.8,1.3,7.1,347
22105,2019-01-18 03:00,7,315,10.7,1023.3,44,5.7,14.7,2.9,1.9,1.3,6.4,358
22105,2019-01-18 04:00,7,310,10.3,1023.5,46,5.7,14.7,3.1,1.9,1.3,6.4,353
22105,2019-01-18 05:00,6.9,321,9.7,1023.1,44,5,14.7,3.3,2,1.4,7.1,351
22105,2019-01-18 06:00,5.6,326,8.1,1023.3,49,5.3,14.7,3.8,2.4,1.7,9.1,52
22105,2019-01-18 07:00,5.3,318,7.8,1023.8,48,4.8,14.7,3.5,2.3,1.6,8,42
22105,2019-01-18 08:00,4.2,314,6.7,1024.6,47,5.1,14.6,3.2,2.1,1.5,9.1,35
22105,2019-01-18 09:00,3.7,293,6.2,1025.1,46,5.2,14.7,2.7,1.8,1.3,9.1,41
22105,2019-01-18 10:00,2.8,304,5.6,1025.6,45,5.1,14.7,3.3,2.1,1.5,7.1,30
22105,2019-01-18 11:00,2,294,3.9,1025.8,46,5.1,14.7,2.8,1.7,1.2,8,46
22105,2019-01-18 12:00,2.4,281,4.6,1025.4,45,5.4,14.7,2.8,2,1.4,8,33
22105,2019-01-18 13:00,1.3,249,3.4,1024.6,41,5.6,14.7,3.4,1.8,1.3,8,32
22105,2019-01-18 14:00,2.6,280,4.5,1024,34,5.6,14.7,2.6,1.7,1.2,8,39
22105,2019-01-18 15:00,1,302,2.8,1023.6,36,5.9,14.7,2.7,1.8,1.3,8,35
22105,2019-01-18 16:00,.5,342,2,1023.5,36,6.6,14.7,2.4,1.6,1.1,8,28
22105,2019-01-18 17:00,.7,239,2.3,1024,35,6.9,14.6,2.5,1.6,1.2,7.1,32
22105,2019-01-18 18:00,1.5,227,3.5,1024.5,36,6.7,14.6,2.4,1.4,1,7.1,27
22105,2019-01-18 19:00,.7,266,2,1024.3,40,7,14.6,3,1.7,1.2,7.1,26
22105,2019-01-18 20:00,1.2,159,3,1024.3,40,6.9,14.6,2.3,1.4,1,6.4,26
22105,2019-01-18 21:00,1,209,2.5,1024.2,40,7.6,14.6,2.5,1.3,.9,7.1,23
22105,2019-01-18 22:00,1.4,232,3.7,1024.1,39,7.7,14.6,2,1.3,.9,7.1,24
22105,2019-01-18 23:00,4.5,281,6.3,1024.1,37,8.2,14.5,2.2,1.3,.9,7.1,42
22105,2019-01-19 00:00,3.8,288,6,1024.3,40,7.8,14.6,2.9,1.2,.9,6.4,44
22105,2019-01-19 01:00,3.9,312,5.7,1023.6,37,8,14.5,2,1.2,.8,6.4,31
22105,2019-01-19 02:00,3.9,320,5.9,1023.8,37,7.5,14.5,2.3,1.3,.9,7.1,38
22105,2019-01-19 03:00,5.4,319,8,1023.9,38,7.4,14.5,2.5,1.4,1,8,47
22105,2019-01-19 04:00,4.1,314,6.2,1023.6,37,7.6,14.5,2.1,1.3,.9,7.1,37
22105,2019-01-19 05:00,4.5,323,5.9,1023.2,40,7.5,14.6,2.2,1.4,1,7.1,37
22105,2019-01-19 06:00,3.8,331,5.8,,38,7,14.5,1.8,1.2,.8,7.1,44
22105,2019-01-19 07:00,3.1,322,4.3,1023.5,38,7.3,14.5,2,1.1,.8,7.1,41
22105,2019-01-19 08:00,2.5,334,4.4,1023.6,40,7.3,14.6,1.7,1.1,.8,7.1,23
22105,2019-01-19 09:00,2.1,322,4.3,1023.8,40,7.3,14.6,1.6,1,.7,6.4,18
22105,2019-01-19 10:00,1.3,315,3.1,1023.9,41,7.5,14.6,1.5,1,.7,7.1,48
22105,2019-01-19 11:00,2.3,296,4.6,1023.8,39,7.7,14.6,1.5,1,.7,5.8,58
22105,2019-01-19 12:00,1.9,277,3.5,1022.9,38,7.9,14.6,1.4,.8,.6,6.4,54
22105,2019-01-19 13:00,1.2,296,3.5,1021.8,37,7.9,14.6,1.6,.8,.6,5.8,45
22105,2019-01-19 14:00,1.3,287,2.4,1020.5,37,8.1,14.6,1.2,.9,.6,6.4,42
22105,2019-01-19 15:00,.3,321,1.2,1019.9,38,8.2,14.6,1.4,.8,.6,5.8,26
22105,2019-01-19 16:00,.7,292,1.5,1019.8,38,8.5,14.7,1.4,.9,.6,6.4,31
22105,2019-01-19 17:00,.6,342,1.8,1019.1,39,8.1,14.6,1.1,.7,.5,4.9,41
22105,2019-01-19 18:00,1.7,41,3,1018.5,43,8.3,14.6,1.2,.7,.5,5.8,35
22105,2019-01-19 19:00,1.8,25,3.2,1018.2,42,8.1,14.6,1.2,.8,.5,5.3,54
22105,2019-01-19 20:00,.8,349,2.2,1018.2,40,8.4,14.6,1.2,.7,.5,5.3,40
22105,2019-01-19 21:00,1,17,2.1,1017.4,40,7.9,14.6,1.1,.6,.5,5.8,59
22105,2019-01-19 22:00,.7,260,1.6,1016.9,41,8.4,14.6,1.1,.6,.4,5.3,33
22105,2019-01-19 23:00,.9,255,1.7,1016,41,8.2,14.5,1,.6,.5,5.8,22
22105,2019-01-20 00:00,1.8,277,3,1015.6,42,8.7,14.5,1.1,.6,.4,5.3,28
22105,2019-01-20 01:00,3.9,276,5.9,1015,41,8.5,14.5,1,.6,.5,5.3,55
22105,2019-01-20 02:00,5,299,7.2,1014.7,44,8.5,14.5,1.1,.7,.5,5.3,70
22105,2019-01-20 03:00,5.9,315,7.9,1014.4,43,8.4,14.6,1,.6,.5,5.8,170
22105,2019-01-20 04:00,7.6,322,10,1013.7,52,7.9,14.5,1.5,.9,.6,3.6,325
22105,2019-01-20 05:00,7.6,316,10.3,1013.5,53,8.2,14.5,1.7,1,.7,3.8,318
22105,2019-01-20 06:00,7.4,313,9.6,,52,7.9,14.5,1.8,.9,.7,3.2,308
22105,2019-01-20 07:00,7.6,306,10.1,1013.2,47,8.1,14.5,2,1.1,.8,3.6,329
22105,2019-01-20 08:00,9.1,297,12.9,1013.7,51,8.1,14.4,2.1,1.3,.9,3.8,328
22105,2019-01-20 09:00,10.2,306,14.3,1014.1,50,7.8,14.4,2.4,1.5,1.1,4.3,321
22105,2019-01-20 10:00,10.1,329,13.4,1014.8,50,7,14.4,3,1.7,1.2,5.3,335
22105,2019-01-20 11:00,10,328,13.3,1015.5,59,6.1,14.4,3.1,2.2,1.5,5.8,348
22105,2019-01-20 12:00,11,335,15.2,1015.5,60,5.5,14.4,4.1,2.7,1.9,6.4,0
22105,2019-01-20 13:00,11.5,338,15.7,1015.3,61,4.8,14.4,4.1,2.6,1.8,6.4,355
22105,2019-01-20 14:00,11,339,14.8,1015.5,59,4.4,14.4,3.7,2.6,1.9,7.1,353
22105,2019-01-20 15:00,11.2,346,16.7,1015.6,56,4.4,14.4,4.5,2.5,1.7,5.8,4
22105,2019-01-20 16:00,9.2,348,13.3,1016.1,54,4.2,14.4,3.8,2.2,1.6,6.4,343
22105,2019-01-20 17:00,9.3,357,12.6,1016.3,57,3.8,14.4,3.2,2.1,1.5,7.1,343
22105,2019-01-20 18:00,8.6,347,13.6,1017.2,53,3.5,14.4,3,1.9,1.3,6.4,15
22105,2019-01-20 19:00,7.3,352,10.5,1017.1,53,3.6,14.4,3,1.8,1.3,6.4,2
22105,2019-01-20 20:00,7.2,343,10,1017.5,49,3.7,14.4,3.2,2.2,1.6,6.4,17
22105,2019-01-20 21:00,4.9,342,7.5,1017.9,46,4.6,14.4,3.6,2.3,1.6,6.4,34
22105,2019-01-20 22:00,7.5,296,11.8,1017.5,39,4.5,14.4,3.6,2.1,1.5,8,43
22105,2019-01-20 23:00,7.5,306,10.9,1017.8,39,4.6,14.4,3.7,1.9,1.4,7.1,17
22105,2019-01-21 00:00,6.2,301,9.7,1018.4,37,3.9,14.4,3.6,2.3,1.6,8,41
22105,2019-01-21 01:00,6.7,298,9.7,1018.4,43,4.1,14.3,3.6,2.3,1.6,8,45
22105,2019-01-21 02:00,6.8,300,10.2,,43,3.6,14.2,3.3,2,1.4,8,21
22105,2019-01-21 03:00,7.1,305,10.8,1018.3,47,3.8,14.2,3.5,1.9,1.4,7.1,17
22105,2019-01-21 04:00,6.9,301,11.3,1018.1,44,3.9,14.2,3.1,1.9,1.3,7.1,24
22105,2019-01-21 05:00,6.2,304,9.6,1017.5,40,3.2,14.1,3.2,1.8,1.3,7.1,344
22105,2019-01-21 06:00,7.7,290,11.5,1017.2,49,3.6,14,3.6,2.2,1.6,7.1,3
22105,2019-01-21 07:00,7.2,305,11,1017.9,49,3.2,14,3.3,1.9,1.3,7.1,355
22105,2019-01-21 08:00,7.1,299,10.4,1018.5,48,3.5,14,2.7,1.9,1.3,7.1,8
22105,2019-01-21 09:00,7.5,303,11.1,1018.2,50,3.9,14.1,3.3,1.8,1.3,7.1,20
22105,2019-01-21 10:00,6,286,9.2,1017.9,48,3.4,14.1,3.2,1.8,1.3,5.8,3
22105,2019-01-21 11:00,6.4,275,8.7,1017.6,45,3.8,14.2,3,1.7,1.2,7.1,10
22105,2019-01-21 12:00,6.9,277,9.5,1017.3,39,4.4,14.2,2.6,1.5,1,7.1,15
22105,2019-01-21 13:00,8.1,296,11.8,1016.3,40,4.9,14.2,2.5,1.4,1,6.4,4
22105,2019-01-21 14:00,7.3,284,12.3,1015.3,44,5,14.2,2.6,1.7,1.2,8,39
22105,2019-01-21 15:00,7.8,270,12.1,1014.7,47,5.3,14.1,2.6,1.5,1.1,7.1,17
22105,2019-01-21 16:00,8.5,298,12,1014.1,51,6.5,14,2.3,1.5,1.1,6.4,5
22105,2019-01-21 17:00,9.4,293,13.5,1013.7,49,6.8,14.1,2.8,1.5,1.1,4.6,315
22105,2019-01-21 18:00,8.7,279,12.1,1014.3,49,6.7,14.1,2.6,1.5,1.1,5.3,329
22105,2019-01-21 19:00,11.1,269,14.8,1013.5,52,6.6,14.2,2.4,1.5,1.1,5.3,326
22105,2019-01-21 20:00,9.2,288,12.4,1014.3,50,6.4,14.2,2.9,1.9,1.4,5.8,339
22105,2019-01-21 21:00,8.5,287,11.5,1014.5,51,6.2,14.2,2.9,1.8,1.3,6.4,332
22105,2019-01-21 22:00,8.9,290,11.7,1014.5,52,6.9,14.3,3,1.8,1.3,6.4,351
22105,2019-01-21 23:00,8.9,291,12.6,,49,6.4,14.2,2.9,1.8,1.3,6.4,348
22105,2019-01-22 00:00,9.6,301,13.1,,47,6.9,14.2,3.3,1.8,1.3,5.8,322
22105,2019-01-22 01:00,10.8,318,14.3,,47,6.6,14.2,3.2,2,1.4,6.4,345
22105,2019-01-22 02:00,10.7,319,14.4,1015.8,46,6.5,14.2,3.9,2.6,1.8,5.8,358
22105,2019-01-22 03:00,9.4,333,11.9,1016.5,41,5.9,14.2,4,2.2,1.5,6.4,3
22105,2019-01-22 04:00,8.9,327,11.6,1016.3,45,6,14.2,4.6,2.5,1.8,7.1,8
22105,2019-01-22 05:00,8.5,312,10.7,1016.5,46,5.8,14.2,3.3,2.1,1.5,7.1,12
22105,2019-01-22 06:00,7.3,338,10.1,1016.8,43,5.2,14.2,4.2,2,1.4,6.4,357
22105,2019-01-22 07:00,5.7,313,8.4,1017.3,42,5.5,14.2,2.9,1.8,1.3,7.1,8
22105,2019-01-22 08:00,5.5,306,7.9,1017.7,40,5.5,14.2,2.7,1.5,1,5.8,347
22105,2019-01-22 09:00,3.9,315,5.6,1018.1,40,5.5,14.2,2.3,1.1,.8,5.3,341
22105,2019-01-22 10:00,3.4,314,5.5,1018.2,40,5.6,14.2,1.8,1.2,.8,7.1,330
22105,2019-01-22 11:00,4.1,257,6.4,1018.4,44,5.6,14.1,1.7,1.2,.9,5.8,339
22105,2019-01-22 12:00,3.7,253,5.6,1017.8,41,5.6,14,1.7,1,.7,6.4,345
22105,2019-01-22 13:00,3,273,4.9,1016.7,38,5.7,14,1.6,.9,.6,5.8,343
22105,2019-01-22 14:00,3.4,245,4.9,1016.1,35,6.1,14.4,1.3,.9,.6,5.3,351
22105,2019-01-22 15:00,1.7,242,3.3,,34,6.5,14.4,1.4,.9,.6,5.3,341
22105,2019-01-22 16:00,2.8,187,4.7,1015,35,6.8,14.4,1.2,.8,.6,4.9,3
22105,2019-01-22 17:00,5.9,189,7.7,1014.7,40,7.3,14.4,1.3,.8,.6,4.9,346
22105,2019-01-22 18:00,5.9,184,7.9,1014.3,44,8,14.3,1.1,.7,.5,9.1,34
22105,2019-01-22 19:00,4.3,226,6.5,1014.2,40,9.2,14.2,1.3,.7,.5,9.1,80
22105,2019-01-22 20:00,6.5,273,8.2,,37,8.6,14.1,1.1,.7,.5,9.1,37
22105,2019-01-22 21:00,8.4,271,10.7,1013.9,41,8.1,14.1,1.4,.8,.6,3.4,278
22105,2019-01-22 22:00,10.4,284,14.3,1013.8,44,8.1,14,2.1,1.3,.9,4,277
22105,2019-01-22 23:00,8.8,290,12.5,1013.7,45,7.5,13.9,2.9,1.5,1.1,4.6,279
22105,2019-01-23 00:00,9.2,286,12.7,1013.6,43,7.8,13.8,2.6,1.6,1.1,4.9,312
22105,2019-01-23 01:00,9.6,295,13,1013.6,40,7.7,13.8,2.4,1.7,1.2,5.3,299
22105,2019-01-23 02:00,9.2,293,11.5,1013.8,43,7.9,13.9,2.6,1.7,1.2,4.9,299
22105,2019-01-23 03:00,9,299,12,1013.5,42,7.5,14,2.2,1.5,1.1,4.6,325
22105,2019-01-23 04:00,9.7,284,12.7,1013.1,43,8,14,2.6,1.6,1.2,4.9,297
22105,2019-01-23 05:00,9.8,295,12.4,1012.8,42,8,14,2.3,1.5,1.1,5.3,308
22105,2019-01-23 06:00,9.2,296,12.3,1013.1,45,7.6,13.9,2.7,1.7,1.2,5.3,338
22105,2019-01-23 07:00,9,302,11.4,1013.3,44,8.1,13.9,2.8,1.6,1.1,5.3,332
22105,2019-01-23 08:00,7.7,292,10.3,1013.7,41,7.9,13.8,2.9,1.7,1.2,5.8,342
22105,2019-01-23 09:00,8.2,281,10.5,1014.2,40,8,13.7,2.6,1.8,1.3,5.3,325
22105,2019-01-23 10:00,7.4,277,9.6,,40,7.9,13.7,2.5,1.6,1.1,5.8,1
22105,2019-01-23 11:00,8.1,273,11.5,1014.9,42,8,13.7,2.6,1.6,1.1,6.4,5
22105,2019-01-23 12:00,7.6,272,10,1014.7,38,8.1,13.7,2.4,1.6,1.2,5.8,5
22105,2019-01-23 13:00,7.4,268,10,1013.9,40,8.4,13.9,2.1,1.5,1.1,5.3,337
22105,2019-01-23 14:00,7.3,279,9.6,1013.6,40,9.3,14,2.8,1.7,1.2,5.3,343
22105,2019-01-23 15:00,10.2,331,13.2,1013.4,44,9.1,14,3,1.9,1.3,4.9,340
22105,2019-01-23 16:00,9.5,353,13.2,1014.4,46,8.3,14,3.2,1.9,1.4,5.8,335
22105,2019-01-23 17:00,10.1,3,13.3,1015.4,51,7.2,14,3.8,2.1,1.5,6.4,347
22105,2019-01-23 18:00,10,6,13.2,1016.5,53,6.4,14,3.5,2.2,1.5,5.8,347
22105,2019-01-23 19:00,8.7,23,13.4,1017.6,54,5.7,14,3,1.8,1.3,6.4,350
22105,2019-01-23 20:00,7.6,26,11.1,1018.6,55,5.6,13.9,2.9,1.9,1.3,6.4,347
22105,2019-01-23 21:00,6.6,20,9.6,1019.5,50,5.7,13.9,3,1.9,1.4,6.4,5
22105,2019-01-23 22:00,5,6,7.3,1020,48,5.1,13.9,2.5,1.5,1.1,6.4,339
22105,2019-01-23 23:00,5.5,13,7.9,1020.2,49,5.4,14.1,2.4,1.4,1,5.8,341
22105,2019-01-24 00:00,5.8,11,8.9,1020.5,48,5,14.2,2.2,1.3,.9,5.3,348
22105,2019-01-24 01:00,6.5,12,8.9,1020.6,49,5.3,14.2,2,1.3,.9,5.8,348
22105,2019-01-24 02:00,6,356,9.6,1021,47,4.7,14.1,2.4,1.4,1,6.4,3
22105,2019-01-24 03:00,5.5,355,8.6,,48,4.9,14.2,2.6,1.7,1.2,6.4,23
22105,2019-01-24 04:00,5.3,359,8.2,1021.5,49,4.5,14.2,2.3,1.6,1.1,7.1,42
22105,2019-01-24 05:00,5.6,337,8.5,1021.8,50,4.9,14.2,2.6,1.6,1.1,6.4,42
22105,2019-01-24 06:00,5.9,351,7.9,1021.8,49,4.8,14.2,2.7,1.8,1.3,6.4,31
22105,2019-01-24 07:00,4.5,340,7.4,1022,47,4.3,14.3,3.4,1.8,1.3,7.1,37
22105,2019-01-24 08:00,3.6,344,6.5,1022.7,49,4.5,14.4,2.8,1.7,1.2,7.1,50
22105,2019-01-24 09:00,3.2,341,5.5,1023,49,4.4,14.3,2.5,1.6,1.2,6.4,23
22105,2019-01-24 10:00,3.6,351,5.6,1023.3,50,4.5,14.3,2.8,1.6,1.1,5.8,13
22105,2019-01-24 11:00,3.1,337,6.3,1023.6,48,4.7,14.3,3.2,1.6,1.2,7.1,57
22105,2019-01-24 12:00,2.1,333,4.2,1023.5,48,4.9,14.2,2.7,1.5,1.1,5.8,40
22105,2019-01-24 13:00,2.1,322,4,1022.5,46,5.1,14.3,2.1,1.3,1,6.4,40
22105,2019-01-24 14:00,2.2,328,4.9,1022.1,46,5.1,14.3,2.5,1.5,1.1,6.4,55
22105,2019-01-24 15:00,1.5,312,3.7,1021.6,46,5.5,14.3,2,1.2,.9,7.1,42
22105,2019-01-24 16:00,1.4,330,3.7,1021.6,45,5.4,14.3,2.3,1.3,.9,8,59
22105,2019-01-24 17:00,1.3,15,2.7,1021.7,46,5.5,14.2,2.3,1.3,.9,7.1,56
22105,2019-01-24 18:00,.7,321,2.2,1021.8,49,5.5,14.3,2,1.2,.8,7.1,69
22105,2019-01-24 19:00,.1,297,1.4,1022.2,48,5.6,14.4,1.9,1.1,.8,4,28
22105,2019-01-24 20:00,1.4,59,2.8,1022.1,47,5.6,14.4,1.9,1.2,.8,8,34
22105,2019-01-24 21:00,1,70,2.4,1021.7,49,6.1,14.3,1.7,1.1,.8,8,39
22105,2019-01-24 22:00,1.9,48,3.5,1021.7,50,6.3,14.2,1.6,1.2,.8,7.1,29
22105,2019-01-24 23:00,1.5,44,3.1,1021.7,49,6,14.2,2,1.1,.8,8,33
22105,2019-01-25 00:00,2,22,3.5,1021.8,50,6.5,14.1,1.8,1.1,.8,8,42
22105,2019-01-25 01:00,1.5,357,3.5,1021.7,48,6.3,14.1,1.8,1.1,.8,7.1,27
22105,2019-01-25 02:00,2.1,345,4.3,1021.2,48,6.6,14.5,1.8,1.1,.8,6.4,41
22105,2019-01-25 03:00,1.9,337,3.9,1021.4,48,6,14.7,2,1.2,.8,6.4,32
22105,2019-01-25 04:00,2,291,3.9,1020.8,51,6.5,14.8,1.9,1.1,.8,7.1,46
22105,2019-01-25 05:00,3.3,279,5.8,1020,47,6.4,14.8,2.1,1.1,.8,6.4,48
22105,2019-01-25 06:00,5.4,292,8.2,1019.6,40,6.3,14.8,1.8,1.1,.8,7.1,55
22105,2019-01-25 07:00,7.1,284,10.1,1019.5,46,6.4,14.8,2.3,1.3,.9,7.1,60
22105,2019-01-25 08:00,8.6,310,11.1,1019.2,48,6.2,14.8,2.6,1.5,1.1,7.1,71
22105,2019-01-25 09:00,8.3,302,11.6,1019.3,47,5.9,14.8,2.5,1.4,1,6.4,24
22105,2019-01-25 10:00,8,295,11,1019.1,41,5.4,14.9,2.2,1.4,1,4,324
22105,2019-01-25 11:00,7.5,306,9.9,1018.9,42,5.1,14.9,2.8,1.4,1,6.4,30
22105,2019-01-25 12:00,8.6,310,11.5,1018.1,48,5.1,14.8,2.8,1.7,1.2,4.3,333
22105,2019-01-25 13:00,9.1,325,12.6,,48,4.9,14.8,2.8,1.6,1.2,4.3,329
22105,2019-01-25 14:00,11.6,324,16.3,1016.8,60,4.8,14.8,3.2,1.8,1.3,4.3,331
22105,2019-01-25 15:00,11.4,329,16.8,1017,53,4.6,14.8,3.7,2.3,1.6,5.3,352
22105,2019-01-25 16:00,11.8,345,16.1,1017.4,51,4.6,14.8,4.1,2.4,1.7,5.3,354
22105,2019-01-25 17:00,12.5,331,16.5,1017.4,45,4.9,14.8,4.4,2.5,1.7,5.8,358
22105,2019-01-25 18:00,10.8,340,14.5,1018.4,58,3.9,14.8,4.4,2.6,1.8,5.3,346
22105,2019-01-25 19:00,10.1,12,16.8,1019.5,84,.8,14.7,4.4,2.8,2,5.8,356
22105,2019-01-25 20:00,12.2,11,15.9,1019.9,67,3.4,14.7,4.4,2.7,1.9,6.4,36
22105,2019-01-25 21:00,12.5,9,17.2,,61,2.8,14.7,5,3.2,2.2,6.4,36
22105,2019-01-25 22:00,11.8,358,16,1020.5,54,3.1,14.7,5.5,3.6,2.5,8,42
22105,2019-01-25 23:00,11,359,15.8,1020.6,53,2.8,14.6,5.6,2.7,1.9,8,48
22105,2019-01-26 00:00,10.6,0,15,1020.6,56,2.5,14.6,5,3.1,2.2,8,47
22105,2019-01-26 01:00,10.1,11,14.9,1020.9,61,2.2,14.6,4.1,2.8,2,7.1,50
22105,2019-01-26 02:00,9.9,343,13.6,1020.8,56,2.4,14.6,4.4,2.8,2,8,62
22105,2019-01-26 03:00,10.2,25,14.2,1020.7,69,1.9,14.6,4.8,2.6,1.8,7.1,56
22105,2019-01-26 04:00,9,4,13.4,1021,50,1.8,14.5,4.2,2.9,2.1,7.1,44
22105,2019-01-26 05:00,9.4,353,14.7,1020.7,50,2.6,14.5,4.3,2.7,1.9,8,50
22105,2019-01-26 06:00,12.4,6,17.6,1021.4,86,.1,14.4,4.4,2.7,1.9,6.4,49
22105,2019-01-26 07:00,12.8,5,16.5,1021.4,70,1.5,14.4,5,2.7,2,7.1,20
22105,2019-01-26 08:00,13.1,340,17.5,1022.5,87,.4,14.3,5.1,3.2,2.3,7.1,11
22105,2019-01-26 09:00,11.2,357,16.6,1022.8,65,2.2,14.2,6,3.4,2.4,7.1,27
22105,2019-01-26 10:00,10.3,343,15.8,1023.2,62,2,14.2,6.9,3.3,2.4,7.1,45
22105,2019-01-26 11:00,11.2,339,16.2,1023.6,60,2.1,14.1,5.7,3.6,2.6,7.1,31
22105,2019-01-26 12:00,11.4,335,14.8,1023.8,54,2.2,14,6.3,3.6,2.6,7.1,24
22105,2019-01-26 13:00,10.6,341,15.3,1023.3,52,2.2,13.8,5.2,3.4,2.4,8,49
22105,2019-01-26 14:00,9.9,341,13.6,1022.9,50,2.1,13.7,5.5,3.3,2.3,8,37
22105,2019-01-26 15:00,9.4,334,13.6,1022.7,57,2.7,13.7,5.1,3.4,2.4,9.1,53
22105,2019-01-26 16:00,9.6,337,12.8,1022.8,53,3,13.7,5.2,2.7,1.9,9.1,53
22105,2019-01-26 17:00,9.5,338,13,1022.9,52,3.4,13.8,,3.3,2.4,8,43
22105,2019-01-26 18:00,8.9,336,12.2,1023,46,3.8,14.1,5.2,3.1,2.2,8,39
22105,2019-01-26 19:00,9.5,344,12.7,1023.5,53,4.4,14.2,5.3,2.9,2.1,9.1,43
22105,2019-01-26 20:00,8.8,344,11.7,1023.7,44,4.6,14.2,4.8,2.6,1.9,9.1,43
22105,2019-01-26 21:00,7.5,339,10.6,1024.1,43,5.3,14.2,4.5,2.9,2.1,8,33
22105,2019-01-26 22:00,7.8,335,10.8,1024.2,40,5.2,14.2,4,2.8,2,8,22
22105,2019-01-26 23:00,5.5,348,8.9,1024.6,42,5.4,14.2,3.7,2.2,1.6,8,29
22105,2019-01-27 00:00,6.3,334,9.3,1024.6,41,5.5,14.3,4.3,2.2,1.6,8,49
22105,2019-01-27 01:00,7.1,319,9.9,1024.8,45,5.6,14.3,2.7,1.8,1.3,8,41
22105,2019-01-27 02:00,6.5,335,9.5,1025.1,41,6.1,14.3,3.4,2.1,1.5,8,49
22105,2019-01-27 03:00,6.2,331,9,1025.4,39,5.9,14.3,2.8,1.9,1.3,8,67
22105,2019-01-27 04:00,5.4,341,7.8,1025.3,39,6.1,14.3,2.9,1.7,1.2,7.1,40
22105,2019-01-27 05:00,4.7,323,7.4,1025,39,5.9,14.3,3.3,1.8,1.3,8,46
22105,2019-01-27 06:00,3.9,315,6.2,1025.2,42,6.3,14.3,3,1.8,1.3,8,40
22105,2019-01-27 07:00,3,342,5.3,1025.4,41,6,14.3,2.5,1.7,1.2,8,48
22105,2019-01-27 08:00,.6,276,2.3,1025.6,41,6.4,14.3,3.2,2,1.4,5.3,35
22105,2019-01-27 09:00,1.6,222,3.6,1025.5,46,6.4,14.3,3.8,1.8,1.3,8,55
22105,2019-01-27 10:00,3.6,195,5.2,1025.2,47,6.7,14.4,2.8,1.6,1.1,8,20
22105,2019-01-27 11:00,5.5,193,8.1,1024.8,47,6.7,14.4,3.1,1.8,1.3,8,18
22105,2019-01-27 12:00,7.2,197,9.5,1024.4,53,6.8,14.4,2.9,1.7,1.2,8,26
22105,2019-01-27 13:00,6.9,199,9.2,,48,7.2,14.4,2.5,1.5,1.1,7.1,21
22105,2019-01-27 14:00,7.1,194,9.5,1022,40,7.8,14.4,2.8,1.6,1.1,8,34
22105,2019-01-27 15:00,4.8,206,6.6,1021.1,35,8.4,14.4,2.8,1.5,1.1,8,24
22105,2019-01-27 16:00,3.9,195,6.3,1020.5,31,8.8,14.3,2.3,1.4,1,8,24
22105,2019-01-27 17:00,4.8,199,7.6,1019.8,36,8.9,14.3,2.2,1.3,.9,7.1,28
22105,2019-01-27 18:00,6,213,7.8,1019.4,31,9.4,14.2,2.2,1.3,.9,7.1,38
22105,2019-01-27 19:00,6.1,244,7.9,1018.5,30,10.3,14.2,2.3,1.3,.9,7.1,30
22105,2019-01-27 20:00,10.3,282,12.7,1018.5,26,9.6,14.2,2.2,1.3,.9,7.1,45
22105,2019-01-27 21:00,10.9,278,13.9,1018.5,37,8.4,14.1,2.3,1.4,1,8,50
22105,2019-01-27 22:00,9.3,269,11.7,1018.2,34,7.3,14,3.1,1.7,1.2,4.9,256
22105,2019-01-27 23:00,7,264,9.9,1017.9,35,6.9,13.9,2.4,1.7,1.2,4.3,259
22105,2019-01-28 00:00,9.9,256,12.3,1017.1,36,7,13.6,2.3,1.6,1.1,4.9,299
22105,2019-01-28 01:00,8.3,243,11.2,1016.7,34,7.1,13.6,2.4,1.5,1,5.3,319
22105,2019-01-28 02:00,10.6,253,13.2,1015.8,44,6.9,13.6,3.1,1.8,1.3,4.6,254
22105,2019-01-28 03:00,10.9,262,13.5,1016.1,46,6.4,13.6,2.5,1.5,1.1,5.3,323
22105,2019-01-28 04:00,7.9,283,11,1016.4,49,6.3,13.6,2.3,1.4,1,4.6,288
22105,2019-01-28 05:00,7,263,9.6,1015.4,51,5.9,13.5,2,1.3,.9,4.6,207
22105,2019-01-28 06:00,5.8,266,9.5,1015.2,50,6.6,13.5,2.4,1.3,.9,4.3,262
22105,2019-01-28 07:00,9.3,305,13.2,1014.5,52,6.7,13.4,2.6,1.5,1.1,5.3,346
22105,2019-01-28 08:00,10.4,288,14.3,1014.5,51,7.1,13.3,2.5,1.5,1.1,4.3,291
22105,2019-01-28 09:00,10.5,282,14.2,1014.5,47,6.7,13.3,2.7,1.5,1.1,5.3,329
22105,2019-01-28 10:00,10.5,274,13.3,1014.7,48,6.3,13.2,3.1,1.8,1.3,5.3,313
22105,2019-01-28 11:00,11.9,286,16.1,1014.9,46,6.7,13.2,2.8,1.7,1.2,4.9,311
22105,2019-01-28 12:00,11.4,292,15.6,1015.5,45,6.7,13.2,3.7,2,1.4,5.3,316
22105,2019-01-28 13:00,11.9,305,17.2,1014.8,43,6.7,13.3,4.2,2.1,1.5,5.3,309
22105,2019-01-28 14:00,11.2,342,15.7,1014.9,55,5.9,13.3,4.4,2.6,1.8,5.8,332
22105,2019-01-28 15:00,11,340,15,1015.9,54,5.5,13.3,4.3,2.6,1.9,5.3,351
22105,2019-01-28 16:00,9.8,340,13.6,1016.7,55,5.6,13.3,4.9,2.6,1.8,7.1,356
22105,2019-01-28 17:00,9.8,344,14.2,,50,5.7,13.3,4.6,2.8,2,7.1,6
22105,2019-01-28 18:00,9.8,338,12.5,1017.9,47,6.4,13.3,4.9,2.9,2.1,7.1,359
22105,2019-01-28 19:00,9.9,334,14.8,1018.5,42,6.2,13.3,4.3,2.7,1.9,7.1,335
22105,2019-01-28 20:00,9.6,343,12.8,1019.7,45,5.6,13.3,3.6,2.2,1.6,7.1,336
22105,2019-01-28 21:00,8.2,325,11.4,1020.7,42,6.1,13.3,3.6,2.1,1.5,6.4,345
22105,2019-01-28 22:00,9,338,12.2,1021.2,40,5.5,13.3,4,2.2,1.5,7.1,334
22105,2019-01-28 23:00,8.1,342,11.7,1022.2,43,5.6,13.2,3.4,2.1,1.5,6.4,327
22105,2019-01-29 00:00,8,344,11.3,1022.8,44,5,13.3,3.6,2,1.4,6.4,352
22105,2019-01-29 01:00,8.1,346,11,1023.3,47,5.2,13.3,3.6,2.2,1.6,7.1,333
22105,2019-01-29 02:00,7.8,343,11.2,,46,4.5,13.3,3,2,1.4,7.1,357
22105,2019-01-29 06:00,5.4,342,8.7,1025.4,53,4.6,13.5,3,1.8,1.3,6.4,0
22105,2019-01-29 07:00,4.9,353,7.6,1026.1,53,4,13.5,3.2,1.8,1.3,7.1,10
22105,2019-01-29 08:00,3.4,345,6.1,1026.4,52,4.1,13.5,2.5,1.8,1.3,7.1,347
22105,2019-01-29 09:00,3.7,347,5.8,1027.2,52,4.2,13.2,2.5,1.6,1.1,8,28
22105,2019-01-29 10:00,3.3,349,4.8,1027.9,51,4.4,13.2,2.8,1.5,1.1,8,25
22105,2019-01-29 11:00,1.5,5,3.8,1028,48,4.3,13.4,2.2,1.3,1,6.4,10
22105,2019-01-29 12:00,1.7,343,3.8,1027.7,50,4.5,13.5,2,1.2,.9,8,34
22105,2019-01-29 13:00,1,141,2.2,1026.5,50,4.9,13.4,2,1.2,.9,7.1,42
22105,2019-01-29 14:00,1.2,197,3.6,1026,50,5.1,13.3,2.1,1.2,.8,6.4,11
22105,2019-01-29 15:00,2.2,194,3.8,1025.4,52,5.5,13.7,1.9,1.2,.8,7.1,17
22105,2019-01-29 16:00,4.2,156,6.1,1024.9,51,6.2,13.4,1.6,1.1,.8,8,10
22105,2019-01-29 17:00,5.3,175,7.7,1024.7,47,7,13.4,1.6,.9,.7,8,21
22105,2019-01-29 18:00,5.9,181,7.9,1024.4,48,7.5,13.2,1.9,1.2,.9,7.1,11
22105,2019-01-29 19:00,8,178,10.6,1024,51,7.7,13.2,2.1,1.2,.8,7.1,352
22105,2019-01-29 20:00,8.7,184,10.9,1023.8,53,8.6,13.4,2.4,1.4,1,7.1,6
22105,2019-01-29 21:00,8.8,199,12.4,1023.8,53,8.5,13.2,3,1.4,1,8,36
22105,2019-01-29 22:00,8.2,201,10.6,1023.7,57,8.9,13,2.9,1.6,1.2,4.9,205
22105,2019-01-29 23:00,6.9,214,9.1,1023.3,38,8.4,12.8,2.6,1.5,1.1,4.6,192
22105,2019-01-30 00:00,5.1,226,7.1,1023.4,41,8.5,12.8,2.3,1.3,.9,4,188
22105,2019-01-30 01:00,4,228,5.3,1023.7,43,8.3,12.9,2.2,1.3,1,4.6,165
22105,2019-01-30 02:00,3.4,219,4.9,1023.6,41,8.6,13,1.9,1.2,.9,4,191
22105,2019-01-30 03:00,3.2,209,4.8,1023.6,37,8.4,13.1,2,1.2,.8,7.1,8
22105,2019-01-30 04:00,.7,228,2.1,1023.2,33,8.2,13.1,1.8,1.2,.8,4.9,6
22105,2019-01-30 05:00,1.1,261,2.2,1022.9,37,8.7,13,2,1.2,.9,9.1,40
22105,2019-01-30 06:00,1.6,270,3.2,1022.9,37,8.5,13,1.9,1.2,.8,8,25
22105,2019-01-30 07:00,1.8,277,3.3,1022.8,39,8.9,12.9,2,1.3,.9,8,45
22105,2019-01-30 08:00,1.4,258,2.8,1023,34,9.2,12.9,2.1,1.2,.8,9.1,36
22105,2019-01-30 09:00,1.7,215,3.2,1022.2,34,9.4,12.9,2,1.4,1,9.1,32
22105,2019-01-30 10:00,1.9,260,3.6,,30,9.5,13.2,2.1,1.2,.9,9.1,43
22105,2019-01-30 11:00,2,244,3.2,1022.5,32,9.6,13.3,2,1.3,.9,9.1,35
22105,2019-01-30 12:00,2.2,229,3.9,1021.9,27,9.6,13.4,2.4,1.3,1,8,33
22105,2019-01-30 13:00,1.9,214,2.9,1021.3,31,9.7,13.5,2,1.2,.9,9.1,34
22105,2019-01-30 14:00,1.4,197,2.5,1020.2,37,9.8,13.5,2.2,1.2,.9,8,30
22105,2019-01-30 15:00,.6,229,1.7,1019.2,33,10.2,13.5,2,1.2,.9,9.1,37
22105,2019-01-30 16:00,1,205,2.6,1018.8,32,9.9,13.5,1.9,1.2,.9,9.1,39
22105,2019-01-30 17:00,2.8,194,3.9,1018.5,34,9.9,13.5,1.9,1.2,.8,9.1,50
22105,2019-01-30 18:00,1.2,225,2.6,1018.9,35,10,13.5,1.6,1.2,.8,9.1,40
22105,2019-01-30 19:00,1.1,303,2.2,1019.2,35,10.1,13.4,2.1,1.1,.8,8,35
22105,2019-01-30 20:00,1.5,328,2.6,1019.4,35,10,13.3,1.9,1.1,.8,9.1,51
22105,2019-01-30 21:00,2.3,308,3,1018.8,36,10.4,13.3,2.2,1.2,.8,9.1,47
22105,2019-01-30 22:00,4.8,293,7.8,1019,38,10.4,13.1,1.8,1.1,.8,9.1,46
22105,2019-01-30 23:00,6.6,299,8.7,,38,10.3,13.2,1.7,1.2,.8,9.1,58
22105,2019-01-31 00:00,5.4,293,7.2,1018.1,39,9.6,13.2,2,1.2,.9,8,69
22105,2019-01-31 01:00,4.4,298,5.9,1017.9,36,10,13.2,2,1.3,.9,5.3,351
22105,2019-01-31 02:00,4.7,305,6.6,1017.4,37,9.7,13.2,2.2,1.2,.9,4.6,338
22105,2019-01-31 03:00,6.2,325,7.8,1017.5,41,9.6,13.2,2,1.2,.9,8,73
22105,2019-01-31 04:00,7.1,350,10,1017.2,44,9.7,13.2,2.5,1.5,1.1,7.1,43
22105,2019-01-31 05:00,9.9,5,12.4,1017.1,55,7.1,13.2,2.9,1.9,1.3,5.8,343
22105,2019-01-31 06:00,10.9,10,14,1017.4,55,6.7,13.2,3,1.9,1.3,5.3,357
22105,2019-01-31 07:00,7.6,25,10.1,1017.5,61,6.3,13.2,3.1,1.9,1.3,5.8,357
22105,2019-01-31 08:00,7,37,9.5,1017.4,62,6.4,13.3,3,1.7,1.2,7.1,345
22105,2019-01-31 09:00,7.5,55,10.5,,64,6.2,13.3,3,1.5,1.1,4.6,340
22105,2019-01-31 10:00,7.9,72,10.6,1017.2,75,5,13.3,2.6,1.5,1.1,5.3,346
22105,2019-01-31 11:00,11.6,64,14.5,1016.7,83,4.3,13.3,2.8,1.8,1.3,4.6,55
22105,2019-01-31 12:00,10.7,60,13.9,1016.4,81,3.6,13.3,4.3,2.5,1.7,6.4,36
22105,2019-01-31 13:00,10.3,49,13,1016,82,2.9,13.3,5,3.2,2.3,7.1,69
22105,2019-01-31 14:00,10.6,57,13.2,1015.1,81,2.5,13.5,5.5,3.6,2.6,7.1,45
22105,2019-01-31 15:00,9.5,49,12.5,1014.9,83,2.3,13.5,6.2,3.7,2.6,8,46
22105,2019-01-31 16:00,10.7,44,13.8,1015.1,90,1.7,13.5,6.5,4.1,2.9,9.1,23
22105,2019-01-31 17:00,10,41,13.2,1015.6,79,2,13.5,4.4,2.9,2,8,41
22105,2019-01-31 18:00,9,45,11.9,1016,79,1.7,13.5,5.2,3,2.1,8,19
22105,2019-01-31 19:00,7.4,46,10.9,1016.7,69,2.6,13.5,5,3.1,2.2,7.1,31
22105,2019-01-31 20:00,7.1,42,10,1016.9,69,2.9,13.5,5.5,2.8,2,8,19
22105,2019-01-31 21:00,8.3,21,11.1,1017.1,69,2.2,13.5,3.7,2.5,1.8,8,34
22105,2019-01-31 22:00,5.2,9,8.1,1017.7,67,2.7,13.4,4.1,2.7,1.9,8,32
22105,2019-01-31 23:00,4.7,17,7.6,1017.8,65,2.4,13.4,4.7,2.5,1.8,8,37
22105,2019-02-01 00:00,3.7,28,6,1017.7,66,2.7,13.3,3.9,2.5,1.8,8,19
22105,2019-02-01 01:00,3.6,355,6,1017.8,67,2.5,13.3,3.5,2.2,1.6,8,26
22105,2019-02-01 02:00,5.1,350,7.2,1018.1,83,2.2,13.3,2.9,1.9,1.3,8,24
22105,2019-02-01 03:00,6.7,349,9.2,1018.2,81,2.1,13.3,2.8,1.8,1.3,8,40
22105,2019-02-01 04:00,8,314,10.7,1017.9,56,2.9,13.3,2.5,1.7,1.2,7.1,34
22105,2019-02-01 05:00,7.1,309,9.8,1017.9,54,2.8,13.3,2.7,1.6,1.1,7.1,44
22105,2019-02-01 06:00,7,326,10,1018.2,49,2.6,13.4,2.8,1.7,1.2,8,33
22105,2019-02-01 07:00,7.7,308,10.3,1018.5,50,2.6,13.3,2.7,1.7,1.2,6.4,33
22105,2019-02-01 08:00,6.1,311,9.1,1019.5,51,2.4,13.3,2.3,1.4,1,7.1,40
22105,2019-02-01 09:00,5.8,310,10.3,1019.8,48,2.4,13.3,2.3,1.6,1.1,8,51
22105,2019-02-01 10:00,6.5,302,9.9,1019.7,49,2.6,13.3,2.8,1.4,1,7.1,55
22105,2019-02-01 11:00,6.3,305,9.4,1019.9,50,2.5,13.4,2.6,1.4,1,7.1,51
22105,2019-02-01 12:00,5.5,292,8.2,1019.8,45,2.3,13.4,2.4,1.6,1.1,7.1,35
22105,2019-02-01 13:00,5.2,284,7.5,1019,42,2.9,13.4,2.4,1.3,.9,7.1,22
22105,2019-02-01 14:00,4.4,291,6.5,1018.7,39,3.1,13.5,2.6,1.4,1,6.4,18
22105,2019-02-01 15:00,3.8,305,6.9,1018.1,39,3.4,13.5,2.1,1.4,1,6.4,29
22105,2019-02-01 16:00,2.7,293,4.8,1018,34,3.9,13.5,1.9,1.3,1,6.4,10
22105,2019-02-01 17:00,1.6,238,3.7,1018,35,4.3,13.5,2.2,1.4,1,5.8,350
22105,2019-02-01 18:00,4.5,216,6.6,1017.8,36,4.9,13.5,1.9,1.2,.8,6.4,347
22105,2019-02-01 19:00,5.5,230,8.3,1017.7,36,5.5,13.5,2,1.2,.8,7.1,22
22105,2019-02-01 20:00,7.1,246,9.4,1017.8,40,5.6,13.5,1.9,1.1,.8,7.1,22
22105,2019-02-01 21:00,5.8,237,8.1,,37,5.6,13.6,1.9,1.1,.8,7.1,16
22105,2019-02-01 22:00,5.6,274,8,1018.4,43,5.1,13.6,2.3,1.2,.9,4.9,311
22105,2019-02-01 23:00,4.8,263,7,1018.5,43,4.5,13.6,2,1.2,.8,4.9,310
22105,2019-02-02 00:00,4.1,269,5.7,1018.5,44,4.9,13.6,2.1,1.4,1,5.8,344
22105,2019-02-02 01:00,4.7,256,7.1,1018.8,44,4.8,13.6,2.1,1.2,.9,5.8,330
22105,2019-02-02 02:00,4.1,273,6.2,1019,45,5.2,13.5,1.8,1.1,.8,5.8,337
22105,2019-02-02 03:00,6.8,289,10.6,1018.6,45,5.2,13.5,2.3,1.2,.8,6.4,16
22105,2019-02-02 04:00,5.6,288,8.4,1018.9,48,5.5,13.6,1.9,1.3,.9,5.3,344
22105,2019-02-02 05:00,5.6,282,8.5,1019.2,47,5.7,13.5,2.4,1.4,1,5.3,336
22105,2019-02-02 06:00,6.8,305,9.1,1019.7,44,5.7,13.5,2.2,1.2,.8,5.3,318
22105,2019-02-02 07:00,7.7,304,9.9,1019.9,44,5.4,13.5,2,1.1,.8,3.8,308
22105,2019-02-02 08:00,7.4,313,9.5,1020.2,43,5.8,13.4,2.7,1.4,1,5.3,322
22105,2019-02-02 09:00,5.6,308,7.4,1020.7,40,5.8,13.4,2.1,1.2,.9,5.3,318
22105,2019-02-02 10:00,4.4,297,6.8,1020.9,43,6.1,13.4,1.9,1.1,.8,5.3,338
22105,2019-02-02 11:00,3.2,316,4.9,1021,40,6.3,13.3,1.7,1,.7,4.6,311
22105,2019-02-02 12:00,1.2,183,2.9,1021.1,40,6.9,13.3,1.7,.9,.7,4.9,325
22105,2019-02-02 13:00,2.7,167,4.2,1020.5,37,6.8,13.3,1.3,.9,.6,6.4,344
22105,2019-02-02 14:00,2.5,166,4.4,1020.5,42,7,13.3,1.5,.8,.6,5.8,340
22105,2019-02-02 15:00,3.4,125,5.4,1019.8,46,7.2,13.3,1.4,.8,.5,5.3,343
22105,2019-02-02 16:00,5.3,153,6.6,1019.2,57,7.4,13.3,1.2,.6,.5,5.8,329
22105,2019-02-02 17:00,6,146,7.5,1018.8,54,7.5,13.2,1.3,.8,.6,5.8,338
22105,2019-02-02 18:00,5,152,6.5,1019.1,47,7.5,12.4,1.3,.8,.6,5.3,332
22105,2019-02-02 19:00,4,157,5.4,,50,7.8,12.4,1.4,.8,.6,5.8,335
22105,2019-02-02 20:00,3.7,170,4.8,1018.6,47,9.5,12.3,1,.7,.5,5.3,346
22105,2019-02-02 21:00,5.6,193,7.8,1017.5,42,9.5,12.3,1.1,.8,.6,5.3,339
22105,2019-02-02 22:00,6.5,211,7.9,1018.2,50,9.3,12.3,1.7,1,.7,4.6,198
22105,2019-02-02 23:00,7.8,200,9.5,1017.6,58,9.5,12.3,2,1,.7,4.3,214
22105,2019-02-03 00:00,4.4,218,6.3,1018.1,53,8.8,12.3,1.6,.9,.6,4,215
22105,2019-02-03 01:00,3.8,220,5.8,1018.1,53,9.2,12.3,1.2,.7,.5,4.9,341
22105,2019-02-03 02:00,4.4,234,5.9,1017.7,50,9,12.4,1.2,.7,.5,4.9,101
22105,2019-02-03 03:00,5.8,234,7.6,1017.2,47,9.4,12.4,1.3,.8,.6,4.3,171
22105,2019-02-03 04:00,6.5,215,8.1,1016.4,49,9.2,12.4,1.4,.9,.6,4.6,160
22105,2019-02-03 05:00,6.2,193,8.2,1016,52,9.2,12.4,1.7,1,.7,4.6,190
22105,2019-02-03 06:00,7.3,179,8.9,1014.7,64,9.5,12.5,1.9,1.3,.9,4.9,180
22105,2019-02-03 07:00,6.9,180,8.6,1013.8,73,8.9,12.6,1.9,1.1,.8,4.3,189
22105,2019-02-03 08:00,6,189,7.8,1013.1,81,9.4,12.6,1.7,1.1,.8,6.4,155
22105,2019-02-03 09:00,5.7,186,6.9,1012.3,87,9.6,12.7,1.5,1,.7,5.3,169
22105,2019-02-03 10:00,3.7,188,4.8,1011.5,90,9.9,12.6,1.5,.9,.6,5.3,145
22105,2019-02-03 11:00,1.8,175,2.6,1010.7,92,10,12.6,1.3,.8,.6,5.3,146
22105,2019-02-03 12:00,.4,262,1.3,1009.4,92,9.8,12.5,1.3,.7,.5,3.6,183
22105,2019-02-03 13:00,4.9,286,6.7,1008.1,91,9.3,12.5,1.3,.8,.6,4.9,169
22105,2019-02-03 14:00,6.1,311,7.8,1006.1,85,9.1,12.6,2.2,1.1,.8,5.3,168
22105,2019-02-03 15:00,5.9,297,7.5,1005.4,85,9.6,12.7,1.8,1.2,.8,6.4,184
22105,2019-02-03 16:00,5.6,352,7.6,1005.5,88,10.2,12.6,2,1.3,.9,7.1,188
22105,2019-02-03 17:00,10.6,357,13,1005.5,87,8.9,12.4,2.7,1.7,1.2,6.4,194
22105,2019-02-03 18:00,10.5,351,12.8,1006.2,87,7.5,12.3,3.4,1.9,1.3,4.3,16
22105,2019-02-03 19:00,8.7,349,10.9,1007.4,85,6.7,12.2,3.5,1.9,1.3,5.3,4
22105,2019-02-03 20:00,8.2,352,11,1008.4,82,7.1,12.2,3.5,1.9,1.3,5.3,41
22105,2019-02-03 21:00,7.1,345,9.1,1008.5,81,6.8,12.2,3,1.8,1.3,5.8,49
22105,2019-02-03 22:00,6.9,335,9.1,1008.8,81,6.9,12.3,3,1.7,1.2,6.4,197
22105,2019-02-03 23:00,6.2,318,8.3,1009.3,77,7.8,12.3,2.5,1.7,1.2,7.1,194
22105,2019-02-04 00:00,7.5,320,9.9,1009.8,76,7.5,12.2,2.4,1.4,1,7.1,173
22105,2019-02-04 01:00,10.5,315,13.2,1010.8,72,8.5,12.2,2.6,1.6,1.1,4.6,19
22105,2019-02-04 02:00,10,302,13,1012.1,62,8.7,12.2,2.4,1.6,1.1,4.6,314
22105,2019-02-04 03:00,8.7,286,11.7,1013.6,56,9.2,12.2,3.1,1.7,1.2,4.6,339
22105,2019-02-04 04:00,10.6,298,13.3,1014.2,50,8.5,12.2,3.2,2,1.4,5.3,308
22105,2019-02-04 05:00,12.2,309,15.8,1014.9,48,8.1,12.7,3.9,2.5,1.8,4.6,313
22105,2019-02-04 06:00,11.2,314,14.5,1016.5,49,6.8,12.9,3.6,2,1.4,6.4,306
22105,2019-02-04 07:00,11.4,327,15.5,1018.1,49,6.5,13,4.5,2.9,2.1,6.4,312
22105,2019-02-04 08:00,11.1,338,16,1019.7,53,5.9,13.1,4.2,2.7,1.9,5.8,327
22105,2019-02-04 09:00,9.7,335,12.5,1021.2,49,5.4,13.1,6.5,3.4,2.4,7.1,346
22105,2019-02-04 10:00,8.7,337,11.6,1022.2,48,5.2,13.1,5.7,3,2.1,8,348
22105,2019-02-04 11:00,6.6,333,9.5,1022.8,42,5.1,13.1,3.9,2.7,1.9,8,340
22105,2019-02-04 12:00,4.8,296,7.5,,39,5.2,13.1,4,2.4,1.7,8,344
22105,2019-02-04 13:00,5.7,293,8.7,1022.3,34,5.2,13,3.1,1.9,1.3,7.1,348
22105,2019-02-04 14:00,4.8,299,7.4,1021.9,29,5.3,12.9,3.4,1.9,1.4,7.1,349
22105,2019-02-04 15:00,6.1,316,10.2,1021.5,28,5.7,12.8,2.6,1.8,1.2,6.4,334
22105,2019-02-04 16:00,8.3,302,12.3,1021.4,31,6.1,12.8,2.9,1.9,1.3,7.1,10
22105,2019-02-04 17:00,7.3,321,10.2,1021.9,32,6.2,12.9,3.6,2.1,1.5,8,19
22105,2019-02-04 18:00,7,313,9.7,1021.9,34,6.6,12.8,2.9,2.1,1.5,8,37
22105,2019-02-04 19:00,4.5,309,6.6,1022.4,30,6.7,12.8,3.5,2.3,1.6,7.1,22
22105,2019-02-04 20:00,5.1,312,7.9,1022.6,32,6.7,12.8,3.4,2,1.4,8,25
22105,2019-02-04 21:00,5.1,240,7.6,1022.7,34,7.1,12.8,3.3,1.9,1.4,8,33
22105,2019-02-04 22:00,5.4,252,8.7,1022.9,33,6.8,12.7,3,1.7,1.2,8,15
22105,2019-02-04 23:00,5.5,283,7.5,1023.2,28,6.6,12.7,2.7,1.8,1.2,8,26
22105,2019-02-05 00:00,5.6,284,7.4,,30,6.7,12.7,2.9,1.7,1.2,9.1,18
22105,2019-02-05 01:00,4.5,277,6.2,1023.6,30,6.3,12.7,2.7,1.8,1.2,9.1,15
22105,2019-02-05 02:00,5.2,288,7.3,1023.4,31,6.5,12.6,2.7,1.6,1.2,8,25
22105,2019-02-05 03:00,4,261,6.1,1023.2,30,6.2,12.7,3,1.6,1.1,7.1,13
22105,2019-02-05 04:00,4.1,281,6.2,1023.3,31,6.8,12.8,2.5,1.5,1.1,7.1,28
22105,2019-02-05 05:00,3.7,284,5.6,1023.2,32,6.2,12.8,2.5,1.4,1,7.1,53
22105,2019-02-05 06:00,3.5,301,5.6,1023.1,34,6.5,12.7,2.4,1.3,.9,7.1,38
22105,2019-02-05 07:00,3.1,271,5.3,1022.8,31,6,12.7,2.1,1.3,.9,8,57
22105,2019-02-05 08:00,1,300,3,1022.7,34,6.4,12.7,1.9,1.1,.7,7.1,27
22105,2019-02-05 09:00,2.4,205,4.6,1022.7,34,6.7,12.7,1.8,1.1,.8,7.1,35
22105,2019-02-05 10:00,2.9,232,4.1,1023,41,6.7,12.6,2,1.2,.8,7.1,61
22105,2019-02-05 11:00,2.7,220,4.1,,39,6.8,12.7,1.9,1.1,.8,5.3,350
22105,2019-02-05 12:00,3.3,220,5.4,1022.3,41,7,12.8,1.8,.9,.7,6.4,31
22105,2019-02-05 13:00,6.4,190,8.4,1020.6,40,7.8,12.8,1.6,.8,.6,5.3,346
22105,2019-02-05 14:00,8.2,198,10.7,1019.1,40,8.6,12.8,1.7,1.1,.8,7.1,37
22105,2019-02-05 15:00,8,203,10.2,1018.1,39,9.3,12.9,1.9,1.1,.8,3.6,214
22105,2019-02-05 16:00,9,197,11.6,1017.5,39,9.6,12.9,2.1,1.2,.8,3.8,229
22105,2019-02-05 17:00,8.4,180,10.2,1017.5,43,9.7,13,1.9,1.3,.9,4.3,182
22105,2019-02-05 18:00,8.9,185,11.3,1016.9,46,10.1,13,2.1,1.4,1,4.6,179
22105,2019-02-05 19:00,9.5,193,11.8,1016.9,50,10.2,12.7,2.2,1.5,1.1,4.9,178
22105,2019-02-05 20:00,8.7,196,11.1,1017.1,46,10.4,12.5,2.8,1.4,1,4.6,193
22105,2019-02-05 21:00,6.9,219,8.6,1017.2,37,10.6,12.3,2.3,1.3,.9,4.6,196
22105,2019-02-05 22:00,6.3,216,8.3,1016.7,40,9.9,12.4,1.8,1.1,.8,4,178
22105,2019-02-05 23:00,5.9,233,7.2,,40,10.2,12.6,1.7,1.1,.8,4.6,169
22105,2019-02-06 00:00,4.1,230,5,1016.6,43,10.2,12.7,1.6,1,.7,4.3,199
22105,2019-02-06 01:00,3.2,213,5,1016.4,45,9.7,12.4,1.4,.9,.7,4.6,177
22105,2019-02-06 02:00,2.2,235,3,1016.4,43,10,12.6,1.3,.8,.5,4,205
22105,2019-02-06 03:00,1.6,238,2.6,1016.3,43,9.7,12.7,1.3,.8,.5,4,193
22105,2019-02-06 04:00,1.1,321,2,1016,45,10,12.8,1.1,.7,.5,4.6,188
22105,2019-02-06 05:00,5.7,350,7.5,1015.6,35,9.9,12.8,1,.7,.5,4.3,200
22105,2019-02-06 06:00,5.2,352,6.6,1016,38,10.1,12.8,1,.6,.5,3.6,217
22105,2019-02-06 07:00,3.8,358,5.4,1016.4,33,9.7,12.7,1,.6,.4,3.4,299
22105,2019-02-06 08:00,2.5,337,3.5,,36,9.9,13.1,1,.6,.4,3.4,335
22105,2019-02-06 09:00,.8,339,1.7,1016.6,33,9.8,13.2,.8,.5,.4,3.4,331
22105,2019-02-06 10:00,1.6,84,2.7,1015.3,33,10,13.2,.9,.6,.4,7.1,93
22105,2019-02-06 11:00,2.6,120,4.5,1015.2,41,9.9,13.3,.7,.5,.3,3.6,343
22105,2019-02-06 12:00,3.1,165,4.6,1015.6,40,10.3,13.6,.7,.4,.3,3.4,10
22105,2019-02-06 13:00,4.4,173,6.1,1014.9,44,10.4,13.7,.7,.5,.3,4,354
22105,2019-02-06 14:00,5.5,173,7.3,1013.9,46,10.6,13.7,.7,.5,.3,3.4,4
22105,2019-02-06 15:00,4.6,184,6.2,1013.1,46,10.8,13.7,.8,.5,.4,2.2,202
22105,2019-02-06 16:00,4.6,171,6.1,1012.5,49,10.9,13.7,.9,.6,.4,7.1,30
22105,2019-02-06 17:00,4.6,177,5.9,1012.6,52,11,13.6,1,.6,.4,2.6,203
22105,2019-02-06 18:00,4.5,198,6,1013,53,11.2,13.5,1.1,.7,.5,7.1,30
22105,2019-02-06 19:00,4.1,209,5.3,1013.4,53,11,13.4,1.3,.8,.6,7.1,19
22105,2019-02-06 20:00,3.7,302,5.8,1013.4,56,11.5,13.3,1.4,.8,.6,6.4,18
22105,2019-02-06 21:00,6.5,349,8.2,1013.6,68,9.9,13.3,1.8,.9,.6,6.4,14
22105,2019-02-06 22:00,6.2,5,7.8,1014.1,70,9.7,13.3,1.5,1,.7,5.8,21
22105,2019-02-06 23:00,4.4,358,5.9,1014.5,60,9.8,13.3,1.6,1.1,.8,6.4,355
22105,2019-02-07 00:00,3.9,324,5.3,1014.4,62,9.6,13.3,2,1.1,.8,7.1,51
22105,2019-02-07 01:00,4.7,314,6.4,1014.4,61,10,13.3,1.7,1.1,.8,5.8,24
22105,2019-02-07 02:00,4.6,313,5.9,1014.2,66,9.3,13.3,1.8,1,.7,6.4,27
22105,2019-02-07 03:00,4.5,318,6.1,1014.2,68,9.2,13.2,1.6,1,.7,6.4,38
22105,2019-02-07 04:00,3.5,315,4.9,1014,70,8.5,13.1,1.6,1,.7,5.8,33
22105,2019-02-07 05:00,3.5,317,5.4,1013.1,73,8.7,13.1,1.4,1,.7,7.1,33
22105,2019-02-07 06:00,3.7,317,5.5,1012.6,73,7.8,13.1,1.8,1.1,.7,6.4,31
22105,2019-02-07 07:00,4.3,292,5.8,1012.6,74,7.6,13.1,1.8,1.1,.8,6.4,12
22105,2019-02-07 08:00,6.4,282,7.9,1012.8,75,8,13.1,2.1,1.4,1,7.1,30
22105,2019-02-07 09:00,9.7,317,12.2,1012.9,76,8.4,13.2,3.2,1.7,1.2,7.1,23
22105,2019-02-07 10:00,8.5,10,11.5,1014.6,84,6.1,13.1,4,1.9,1.4,6.4,358
22105,2019-02-07 11:00,11.2,9,14.4,1016,83,4.4,13.1,4.2,2.4,1.7,7.1,43
22105,2019-02-07 12:00,7.6,32,10.4,1015.7,79,4.2,13.1,4.3,2.3,1.6,6.4,28
22105,2019-02-07 13:00,7.4,350,10.3,1015.6,78,4.2,13.1,3.8,2.4,1.7,7.1,21
22105,2019-02-07 14:00,6.8,1,9,1016,82,3.8,13.1,3.6,2.1,1.5,7.1,45
22105,2019-02-07 15:00,9.3,5,12.3,1016,75,4.1,13.1,3.4,2.2,1.6,8,46
22105,2019-02-07 16:00,10.4,343,13.2,1016.4,80,3.1,13.1,3.7,2.1,1.5,7.1,58
22105,2019-02-07 17:00,8.7,1,12.1,1017.1,57,3.9,13.1,3.6,2.3,1.6,8,39
22105,2019-02-07 18:00,7.1,351,10.5,1017.9,58,3.5,13.1,3.7,2.2,1.6,8,55
22105,2019-02-07 19:00,6.3,333,10,1018.4,58,3.5,13.1,3.9,2.8,2,8,52
22105,2019-02-07 20:00,6.8,333,10.4,1019.3,58,3,13.1,4.2,2.3,1.7,8,44
22105,2019-02-07 21:00,6.8,336,10.4,1019.4,52,3.6,13.1,4.4,2.4,1.7,8,34
22105,2019-02-07 22:00,8.5,332,12.4,1020.2,55,2.9,13.1,4.2,2.5,1.8,8,35
22105,2019-02-07 23:00,9,348,12.9,1020.7,61,2.7,13.1,4.4,2.4,1.7,8,37
22105,2019-02-08 00:00,9.5,344,13.4,1021.3,59,2.1,13.1,4.8,2.7,1.9,7.1,18
22105,2019-02-08 01:00,11.1,346,14.1,1022,60,1.5,13.1,4.9,3,2.2,7.1,31
22105,2019-02-08 02:00,11.2,340,15.5,1022.3,60,1.2,13.1,4.8,2.7,1.9,7.1,19
22105,2019-02-08 03:00,10.8,342,14.9,1022.4,59,.2,13,5.8,2.8,2,8,27
22105,2019-02-08 04:00,11,345,14.6,1022.4,60,.5,13,4.7,3.1,2.2,8,6
22105,2019-02-08 05:00,10.5,345,14.1,1022.2,76,.3,13,4.5,3,2.1,8,337
22105,2019-02-08 06:00,8.1,352,11.6,1022.6,53,1.3,13,4.3,2.6,1.9,7.1,359
22105,2019-02-08 07:00,8.1,358,10.8,1023.2,58,.4,13,4.1,2.3,1.7,5.8,6
22105,2019-02-08 08:00,7,6,9.7,1023.7,57,.8,13,3.7,2.2,1.6,7.1,355
22105,2019-02-08 09:00,5.4,10,8.8,1024.8,57,.5,13,3.9,2.2,1.5,7.1,18
22105,2019-02-08 10:00,5.6,8,7.9,1024.8,55,.4,13,3.7,2,1.4,7.1,12
22105,2019-02-08 11:00,4.9,13,7.4,1025.2,56,.4,13,2.7,1.7,1.2,6.4,20
22105,2019-02-08 12:00,4.3,15,7.5,1025.6,56,.4,13,2.4,1.6,1.2,8,31
22105,2019-02-08 13:00,3.8,12,6,1025.2,56,.5,13,2.4,1.6,1.2,7.1,28
22105,2019-02-08 14:00,4.4,1,7.2,1024.2,58,.5,13,3.3,1.7,1.2,8,41
22105,2019-02-08 15:00,3.5,0,5.9,1023.5,57,.6,13,2.6,1.7,1.2,8,53
22105,2019-02-08 16:00,3.6,44,5.7,1023.2,57,.8,13,2.4,1.7,1.2,7.1,34
22105,2019-02-08 17:00,3.8,30,6.9,1022.7,57,1.1,13,2.5,1.5,1.1,7.1,19
22105,2019-02-08 18:00,2.4,58,5.3,1022.2,58,1,13,2.7,1.7,1.2,6.4,49
22105,2019-02-08 19:00,1.8,16,3.3,1023.2,56,1.3,13,2.2,1.5,1.1,7.1,58
22105,2019-02-08 20:00,.7,95,2.6,1022.9,54,1,12.9,2.6,1.5,1,7.1,29
22105,2019-02-08 21:00,1.6,66,3.1,1023.1,56,1.6,12.9,2.8,1.7,1.2,7.1,41
22105,2019-02-08 22:00,.9,41,2.8,1022.6,55,1.5,12.9,2.5,1.5,1,7.1,58
22105,2019-02-08 23:00,.6,35,2.3,1022.7,54,2,12.9,2.3,1.4,1,8,43
22105,2019-02-09 00:00,1.3,128,2.9,,55,2.2,12.8,2,1.2,.9,6.4,48
22105,2019-02-09 01:00,2,176,3.9,1021.1,55,2.9,12.8,2,1.2,.8,8,48
22105,2019-02-09 02:00,2.3,178,4.7,1020.8,53,3.1,12.8,2.2,1.2,.9,6.4,40
22105,2019-02-09 03:00,4.6,192,6.5,1020.1,53,3.8,12.8,2.1,1,.7,5.8,24
22105,2019-02-09 04:00,4.8,238,6.7,1020.1,54,4,12.8,1.7,1.1,.8,7.1,31
22105,2019-02-09 05:00,6.8,245,9.8,1019.5,47,4.6,12.9,1.7,1,.7,6.4,44
22105,2019-02-09 06:00,5.9,286,8.4,1019.1,39,3.8,12.9,1.7,1,.7,8,58
22105,2019-02-09 07:00,7.8,298,12,1019.2,42,3.7,12.9,1.8,1.1,.8,7.1,42
22105,2019-02-09 08:00,9.8,308,12.6,1019.8,44,3.2,12.9,2.1,1.3,.9,4.6,303
22105,2019-02-09 09:00,10.5,308,14.8,1020.6,49,2.5,12.9,2.7,1.6,1.1,4.9,323
22105,2019-02-09 10:00,10.9,315,14.2,1020.7,54,2.3,12.8,3.5,2.1,1.5,5.3,312
22105,2019-02-09 11:00,12,319,16.1,1021,62,1.5,12.8,3.6,2.2,1.5,5.3,332
22105,2019-02-09 12:00,11.8,324,16.2,1021.5,61,1.3,12.8,4.3,2.2,1.6,5.8,332
22105,2019-02-09 13:00,11,329,15.7,1021.8,58,1.6,12.8,3.9,2.4,1.7,6.4,342
22105,2019-02-09 14:00,11.9,323,15.7,1021.6,66,1.8,12.7,3.8,2.4,1.7,6.4,340
22105,2019-02-09 15:00,12.6,322,18,1021.1,67,2.1,12.7,4.1,2.6,1.8,6.4,358
22105,2019-02-09 16:00,10.8,341,13.6,1022.6,92,.4,12.7,3.9,2.4,1.7,5.8,345
22105,2019-02-09 17:00,5.5,14,10.3,1023.1,94,.4,12.6,3.9,2.6,1.8,6.4,359
22105,2019-02-09 18:00,11.8,29,14.8,1023.8,86,1.7,12.6,4.6,2.9,2.1,6.4,0
22105,2019-02-09 19:00,10.7,28,12.8,1024.8,80,.9,12.6,5.4,3.4,2.4,8,52
22105,2019-02-09 20:00,7.4,30,11.2,1026,69,1.6,12.6,5,3.1,2.2,8,49
22105,2019-02-09 21:00,6.6,30,9.1,1026.2,70,1.5,12.6,5,3.2,2.3,7.1,13
22105,2019-02-09 22:00,6.3,15,8.9,1026.2,71,.8,12.6,4.2,2.5,1.8,8,50
22105,2019-02-09 23:00,6.4,23,8.7,1027.1,68,1.4,12.6,3.9,2.4,1.7,8,53
22105,2019-02-10 00:00,8,18,10.3,1027.1,67,1.1,12.6,4.1,2.5,1.8,8,62
22105,2019-02-10 01:00,6.5,12,9.1,1027.7,63,1.7,12.7,3.5,2.4,1.7,8,75
22105,2019-02-10 02:00,6.8,15,9.3,1028.2,64,1.3,12.8,3,2,1.4,8,78
22105,2019-02-10 03:00,6,11,8.2,1028.4,69,1.1,12.8,3.2,2,1.4,8,77
22105,2019-02-10 04:00,5,13,7.5,1028,63,.7,12.7,2.8,1.8,1.3,7.1,58
22105,2019-02-10 05:00,6.5,2,9.1,1028.3,67,1.2,12.7,3.2,2,1.4,7.1,62
22105,2019-02-10 06:00,5.8,20,8.2,1028.6,69,.6,12.7,2.7,1.5,1.1,6.4,57
22105,2019-02-10 07:00,6.1,30,9.1,1029.2,64,.8,12.7,2.6,1.7,1.2,7.1,77
22105,2019-02-10 08:00,4.1,48,6.5,1029.5,64,1,12.7,2.3,1.6,1.1,6.4,40
22105,2019-02-10 09:00,4.2,36,7.1,1030.1,63,1.2,12.8,2.5,1.7,1.2,7.1,51
22105,2019-02-10 10:00,3.2,32,5.5,1029.9,58,1.4,12.7,2.1,1.5,1,7.1,74
22105,2019-02-10 11:00,1.7,86,3.7,1029.6,56,1.8,12.7,2.1,1.5,1.1,7.1,74
22105,2019-02-10 12:00,2.5,100,4.4,1029.7,59,2.1,12.7,2.1,1.5,1.1,5.8,44
22105,2019-02-10 13:00,.9,64,3.1,1029.1,61,2.2,12.7,2.4,1.2,.9,7.1,41
22105,2019-02-10 14:00,2.9,115,4.3,1028.8,83,1,12.7,2.5,1.3,.9,6.4,41
22105,2019-02-10 15:00,3,105,5.2,1028,82,1.4,12.7,2.1,1.2,.9,5.8,29
22105,2019-02-10 16:00,2.2,115,3.9,1028.1,83,1.3,12.7,1.9,1.1,.8,6.4,17
22105,2019-02-10 17:00,2.8,53,4.2,1027.9,85,1.5,12.8,2,1.2,.9,6.4,24
22105,2019-02-10 18:00,3.7,83,5.6,1027.5,84,1.9,12.8,2.1,1.2,.8,6.4,35
22105,2019-02-10 19:00,1.3,62,3,,82,1.8,12.9,2,1.1,.8,7.1,7
22105,2019-02-10 20:00,1.9,79,4.1,1027.5,82,2.7,13,2,1.2,.9,7.1,27
22105,2019-02-10 21:00,.7,65,2.1,1027,86,2,13,2.1,1.2,.9,6.4,13
22105,2019-02-10 22:00,1.1,270,2.6,1026.4,82,3.4,13,1.9,1.2,.8,6.4,46
22105,2019-02-10 23:00,2.5,272,4.8,1026,73,3.6,13.2,1.7,1.1,.8,7.1,24
22105,2019-02-11 00:00,4.2,289,7.5,1025.4,76,3.7,13.3,1.9,1.2,.9,7.1,37
22105,2019-02-11 01:00,4.5,306,9.9,1025.5,81,2.8,13.2,1.8,1,.7,7.1,31
22105,2019-02-11 02:00,7,316,9.9,1024.7,58,3.9,13.3,1.7,1.1,.8,7.1,41
22105,2019-02-11 03:00,7.3,314,10.8,1025.1,64,3.4,13.4,2.1,1.3,.9,6.4,36
22105,2019-02-11 04:00,8.9,326,11.7,1024.1,69,2.9,13.3,2.1,1.4,1,6.4,32
22105,2019-02-11 05:00,7.9,325,12.1,1023.7,57,3.5,13.3,2,1.2,.9,6.4,45
22105,2019-02-11 06:00,9.4,323,12.3,1023.6,62,3,13.4,2.3,1.4,1,4,338
22105,2019-02-11 07:00,9.3,324,12.9,1024.1,58,3.4,13.3,3.3,1.6,1.1,5.3,335
22105,2019-02-11 08:00,9.7,321,12.1,1024.9,55,3.2,13.2,2.9,1.7,1.2,5.3,359
22105,2019-02-11 09:00,10.4,330,13.5,1025.2,59,3.2,13.2,3.5,1.7,1.2,4.9,349
22105,2019-02-11 10:00,10,321,12.8,1025.2,54,2.8,13.2,3,1.8,1.3,5.3,346
22105,2019-02-11 11:00,9.4,322,12.5,1025.2,56,2.8,13.2,2.5,1.9,1.3,5.3,342
22105,2019-02-11 12:00,9.9,318,13.5,1025.6,57,2.7,13.1,3,1.9,1.3,5.3,334
22105,2019-02-11 13:00,9.3,323,12.6,1025.3,50,2.3,13.1,2.9,1.9,1.3,5.3,4
22105,2019-02-11 14:00,9.3,319,12.2,1024.9,49,2.2,13,2.8,1.5,1.1,5.3,351
22105,2019-02-11 15:00,9.6,330,12.3,1025.6,49,2.7,12.9,3.4,1.8,1.3,5.8,26
22105,2019-02-11 16:00,10.3,347,14.1,1026,48,2.8,12.7,3.3,1.9,1.3,5.3,2
22105,2019-02-11 17:00,9.7,348,12.8,1026.8,44,3.1,12.6,3.1,2,1.4,6.4,32
22105,2019-02-11 18:00,9.5,339,12.9,1027.3,46,3.4,12.4,2.8,2,1.4,6.4,33
22105,2019-02-11 19:00,6.4,341,9.1,1027.9,42,3.2,12.2,3.2,1.9,1.3,5.8,358
22105,2019-02-11 20:00,7.3,335,10.3,1028.8,39,4.1,12.1,3.2,1.8,1.3,6.4,40
22105,2019-02-11 21:00,6.4,327,9.1,1029.1,37,3.9,12.1,2.8,1.8,1.3,5.8,349
22105,2019-02-11 22:00,6.8,314,9.4,1029.3,36,4.6,11.8,2.7,1.6,1.1,5.8,23
22105,2019-02-11 23:00,6.7,298,9.7,1029.7,36,4.3,12.3,2.8,1.7,1.2,6.4,28
22105,2019-02-12 00:00,7,305,10.2,1030.2,38,4.3,12.5,2.5,1.8,1.3,5.3,14
22105,2019-02-12 01:00,6.7,311,10,1030.4,40,3.6,12.6,2.6,1.6,1.2,6.4,23
22105,2019-02-12 02:00,6.6,299,9.3,1030.6,40,3.5,12.6,2.2,1.5,1.1,6.4,29
22105,2019-02-12 03:00,6.6,313,10,1030.8,39,3.8,12.6,2.3,1.6,1.1,5.3,12
22105,2019-02-12 04:00,6.1,321,9,1030.8,41,3.1,12.6,2.3,1.3,.9,6.4,27
22105,2019-02-12 05:00,7.2,291,10.2,1031,47,3.2,12.5,2.7,1.6,1.1,5.8,8
22105,2019-02-12 06:00,8.5,306,11.2,1031.4,45,2.3,12.3,2.8,1.6,1.1,6.4,27
22105,2019-02-12 07:00,7,299,10,1031.7,46,2.3,12.2,2.5,1.6,1.1,6.4,21
22105,2019-02-12 08:00,7.8,312,11.6,1031.8,47,2.3,12.2,2.6,1.5,1.1,5.8,20
22105,2019-02-12 09:00,9.3,313,13,1032.3,47,2.7,12.1,3,1.8,1.3,5.3,352
22105,2019-02-12 10:00,7.6,305,11,1032.8,49,2.5,12,2.7,1.8,1.2,6.4,25
22105,2019-02-12 11:00,6.6,296,9,1033.1,48,2.4,12.2,2.8,1.7,1.2,5.8,8
22105,2019-02-12 12:00,5.5,285,8.5,1032.6,49,2.2,12.3,2.5,1.4,1,6.4,8
22105,2019-02-12 13:00,5.5,293,7.5,1031.8,44,2.2,12.4,2.5,1.6,1.1,5.8,8
22105,2019-02-12 14:00,4.8,282,8.1,1030.7,39,2.4,12.4,2.5,1.5,1,5.8,5
22105,2019-02-12 15:00,5.3,322,7.9,1030.3,35,2.9,12.3,2,1.3,.9,5.8,9
22105,2019-02-12 16:00,5.4,334,8.5,1030.2,39,3.3,12.3,2,1.3,.9,5.8,10
22105,2019-02-12 17:00,6,1,8.5,1030.2,40,3.4,12.3,2,1.3,.9,5.3,345
22105,2019-02-12 18:00,4.6,350,7.1,1030.7,40,3.3,12.2,2.1,1.4,1,5.8,353
22105,2019-02-12 19:00,2.5,329,5.7,1030.8,40,3.4,12.2,2.1,1.2,.8,5.8,352
22105,2019-02-12 20:00,1.7,337,3.8,1030.9,40,3.6,12.2,2.4,1.1,.8,4.9,346
22105,2019-02-12 21:00,.4,18,2,,41,3.3,12.1,1.5,.9,.6,5.3,347
22105,2019-02-12 22:00,.1,158,1.3,1030.6,44,3.7,12.1,1.4,.9,.7,5.3,351
22105,2019-02-12 23:00,1.5,250,3.2,1030.5,42,3.6,12.1,1.3,.9,.6,5.3,356
22105,2019-02-13 00:00,.9,220,2.6,1030.3,42,4,12.1,1.3,.8,.6,5.3,2
22105,2019-02-13 01:00,4.4,247,7.4,1029.6,44,4.3,12.1,1.3,.9,.6,5.3,8
22105,2019-02-13 02:00,6.6,295,8.9,1029.4,42,4.8,12,1.4,.9,.6,5.8,18
22105,2019-02-13 03:00,6.2,302,8.9,1029.2,42,4.3,11.9,1.3,.9,.7,5.3,25
22105,2019-02-13 04:00,4.9,1,7.1,1029,56,4.1,11.9,1.6,1.1,.7,4.9,12
22105,2019-02-13 05:00,4.3,349,6.9,,56,3.8,11.8,1.9,1,.7,5.3,21
22105,2019-02-13 06:00,6.6,13,9,1029.1,65,3.1,11.8,1.9,1.1,.8,8,42
22105,2019-02-13 07:00,5.9,4,8.7,1029.3,62,3.6,11.8,2.2,1.2,.9,6.4,16
22105,2019-02-13 08:00,6,337,8.6,1029.7,52,3.5,11.8,2,1.4,1,6.4,43
22105,2019-02-13 09:00,6.7,330,9.4,1030,52,3.4,11.8,2.2,1.4,1,6.4,48
22105,2019-02-13 10:00,6.8,319,10.2,,44,3.2,11.8,2.3,1.4,1,6.4,18
22105,2019-02-13 11:00,6.8,305,9.9,1030,42,3.1,11.8,2.5,1.5,1,5.8,5
22105,2019-02-13 12:00,8,311,10.8,1029.6,45,3,11.8,2.6,1.6,1.1,6.4,21
22105,2019-02-13 13:00,9.3,310,13.8,1028.9,49,2.7,11.8,2.6,1.4,1,6.4,1
22105,2019-02-13 14:00,8.8,334,11.8,1028.1,47,2.3,11.8,2.9,1.7,1.2,5.8,348
22105,2019-02-13 15:00,12,340,15.9,1027.3,44,2.5,11.8,3,2,1.4,5.8,354
22105,2019-02-13 16:00,12.3,350,15.8,1027.6,46,3.1,11.8,4.6,2.7,1.9,5.8,352
22105,2019-02-13 17:00,12.3,2,15.8,1027.6,46,3,11.7,4.2,2.6,1.8,6.4,2
22105,2019-02-13 18:00,11,7,15,1028.4,44,2.7,11.7,4.2,2.5,1.7,6.4,0
22105,2019-02-13 19:00,8.7,4,12.4,1029.6,51,2.4,11.7,3.1,2.1,1.5,5.3,15
22105,2019-02-13 20:00,7.4,5,10.9,1030.3,52,2,11.7,3.1,1.8,1.3,5.8,4
22105,2019-02-13 21:00,7.4,5,11.6,1030.5,58,2.3,11.7,3.1,1.8,1.3,5.3,1
22105,2019-02-13 22:00,5.2,31,7.7,1030.8,53,2.1,11.7,3.5,2.2,1.6,7.1,40
22105,2019-02-13 23:00,8.1,16,10.8,1031.1,58,2,11.7,4.1,1.9,1.3,6.4,44
22105,2019-02-14 00:00,7.4,19,10.5,1031.3,56,1.9,11.7,3.8,1.7,1.2,6.4,52
22105,2019-02-14 01:00,7.3,37,10.1,1032,56,1.4,11.7,2.9,2.1,1.5,7.1,48
22105,2019-02-14 02:00,7.9,31,10.9,1031.8,54,1.7,12.6,2.9,1.7,1.2,6.4,34
22105,2019-02-14 03:00,7.7,34,10.4,1031.8,52,1.4,13.1,2.8,1.8,1.3,6.4,39
22105,2019-02-14 04:00,7.7,30,11.1,1031.5,50,1.5,13.3,3,1.8,1.3,6.4,17
22105,2019-02-14 05:00,7,38,10.2,1032.1,51,1.1,13.4,2.3,1.6,1.2,5.8,37
22105,2019-02-14 06:00,6.5,33,9.5,1032.3,50,1.5,13.4,2.4,1.5,1.1,5.8,12
22105,2019-02-14 07:00,6.8,39,10.1,1032.1,50,1.6,13.3,2.5,1.4,1,6.4,35
22105,2019-02-14 08:00,6.1,28,8.3,1032.7,52,1.8,13.4,2.5,1.4,1,6.4,30
22105,2019-02-14 09:00,5.5,13,8.2,1033.3,50,1.9,13.3,2.1,1.5,1,5.3,39
22105,2019-02-14 10:00,4.3,50,8,1033.6,47,2.1,13.3,2.3,1.5,1.1,6.4,24
22105,2019-02-14 11:00,3.1,33,7.3,1033.3,45,2.1,13.2,2.1,1.3,.9,5.8,32
22105,2019-02-14 12:00,2.8,23,6.1,1033.2,46,2.3,13.1,1.9,1.2,.8,6.4,66
22105,2019-02-14 13:00,2.4,24,5,1032.5,45,2.2,13,2.1,1.2,.8,5.8,55
22105,2019-02-14 14:00,1.8,12,3.5,1031.7,47,2.5,12.9,1.8,1.1,.8,6.4,54
22105,2019-02-14 15:00,2.5,37,5.1,1031.4,49,2.7,12.7,1.7,1.2,.9,6.4,26
22105,2019-02-14 16:00,1.9,40,4.1,1031,49,2.9,12.6,1.8,1.1,.8,6.4,20
22105,2019-02-14 17:00,2.5,130,4.6,1031,51,2.8,12.5,2,1.2,.8,7.1,26
22105,2019-02-14 18:00,2.3,89,4.1,1031.2,55,3.1,12.6,2,1.2,.8,5.8,31
22105,2019-02-14 19:00,3.4,113,6.6,1030.9,56,2.9,12.6,1.9,1.2,.8,6.4,18
22105,2019-02-14 20:00,4.6,131,7.3,1029.9,59,3.5,12.6,1.6,1,.7,6.4,31
22105,2019-02-14 21:00,6.3,127,9.7,1029.5,58,3.7,12.6,1.8,1,.7,7.1,8
22105,2019-02-14 22:00,5.4,131,7.5,1029.5,59,4.4,12.6,1.6,1,.7,6.4,19
22105,2019-02-14 23:00,5.6,151,8.1,,63,4.1,12.8,2,1.1,.8,5.8,36
22105,2019-02-15 00:00,7.1,165,10.2,,62,4.8,12.7,1.9,1.1,.8,6.4,22
22105,2019-02-15 01:00,6.8,177,9.3,1028.3,59,5.4,12.5,1.6,1.1,.8,7.1,45
22105,2019-02-15 02:00,6.8,159,9.3,1026.8,58,5,12.4,2,1.2,.9,5.8,61
22105,2019-02-15 03:00,7.4,162,9.8,1025.7,61,5.6,12.3,2,1.1,.8,6.4,25
22105,2019-02-15 04:00,8.2,162,10.5,1024.6,60,5.6,12.5,2.1,1.3,.9,5.8,35
22105,2019-02-15 05:00,8.5,174,11.6,1024,62,6.4,12.8,2,1.2,.9,6.4,35
22105,2019-02-15 06:00,8.3,185,11.4,,64,6.5,13,1.7,1.1,.8,5.3,95
22105,2019-02-15 07:00,8.8,198,11.6,1022.6,61,7.3,13,2.4,1.3,.9,4.3,112
22105,2019-02-15 08:00,9.5,207,12.1,1021.9,63,7.4,13,1.9,1.2,.8,4.6,120
22105,2019-02-15 09:00,10,220,12.5,1021.6,64,8,13,1.8,1.3,.9,4.3,142
22105,2019-02-15 10:00,9.6,232,12.1,1021.6,63,7.9,13,2.7,1.5,1.1,4,194
22105,2019-02-15 11:00,7.8,242,9.6,1021,50,7.5,12.9,2.4,1.4,1,3.8,201
22105,2019-02-15 12:00,5.6,252,7.9,1020.4,48,7.2,12.9,1.8,1.1,.8,4,180
22105,2019-02-15 13:00,2.9,249,4.9,1019.5,43,7.1,13,1.7,1,.7,4.3,153
22105,2019-02-15 14:00,2.8,283,4.1,1018.1,45,7.1,13,1.6,.9,.7,3.8,209
22105,2019-02-15 15:00,2.8,283,4.4,1017.7,40,7.3,13.1,1.5,.9,.7,4.3,188
22105,2019-02-15 16:00,.9,353,2.7,1017.3,40,7.3,13.1,1.8,.9,.7,4.6,168
22105,2019-02-15 17:00,2.5,288,4.7,1017.1,43,7.7,13.1,1.3,.9,.6,4.3,173
22105,2019-02-15 18:00,5.1,335,6.9,1016.7,56,7.3,13.1,1.5,.9,.6,4.3,184
22105,2019-02-15 19:00,8.5,297,11,1016.6,51,7.6,13,1.8,1.1,.8,4,331
22105,2019-02-15 20:00,9.1,292,11.3,1017.3,53,6.5,13,2.4,1.3,.9,4,301
22105,2019-02-15 21:00,9.8,290,12.5,1017,50,6.4,12.9,2.7,1.6,1.1,5.3,287
22105,2019-02-15 22:00,7.8,297,10.5,1017.5,49,5.5,12.8,2.3,1.5,1.1,5.3,282
22105,2019-02-15 23:00,8.8,299,12.1,1017.9,47,5.6,13,2.6,1.3,.9,5.3,292
22105,2019-02-16 00:00,9.5,295,12.2,1017.6,50,4.8,13,2.7,1.6,1.1,4.9,275
22105,2019-02-16 01:00,6.9,311,9.4,,52,4.7,13.1,2,1.3,.9,4.9,289
22105,2019-02-16 02:00,5.6,297,7.8,1017.6,48,4.7,13,2,1.1,.8,4.9,302
22105,2019-02-16 03:00,7.4,299,10.1,1018.1,53,4.6,13.1,1.8,1.1,.8,4.6,301
22105,2019-02-16 04:00,7.8,321,10.5,1018.1,60,3.8,13,1.9,1.2,.9,4.9,344
22105,2019-02-16 05:00,8.5,335,10.5,1017.4,66,3.5,13,2.6,1.4,1,5.8,329
22105,2019-02-16 06:00,8.3,330,11.4,1017.7,62,3.3,13,2.2,1.6,1.1,4.9,335
22105,2019-02-16 07:00,8.9,325,12.6,,59,3.1,13,2.4,1.5,1.1,5.8,12
22105,2019-02-16 08:00,9,315,11.5,1018.6,60,2.7,12.9,2.6,1.7,1.2,5.8,355
22105,2019-02-16 09:00,8.7,322,11.4,1019.6,60,2.3,13,3.3,1.9,1.3,5.8,357
22105,2019-02-16 10:00,8.9,316,12.2,1019.8,59,2.3,13.1,2.5,1.8,1.3,6.4,332
22105,2019-02-16 11:00,8.3,312,11.3,1019.8,59,2.4,13.1,2.8,1.8,1.3,6.4,346
22105,2019-02-16 12:00,8.4,316,11.8,1019.8,59,2.4,13.1,3.1,1.7,1.2,6.4,355
22105,2019-02-16 13:00,7.5,317,9.5,1019.5,60,2.3,13.1,2.5,1.5,1,6.4,340
22105,2019-02-16 14:00,7.7,305,10.4,1019,63,2.5,12.9,2.6,1.5,1,4.9,344
22105,2019-02-16 15:00,10.6,287,13.5,1018.6,80,2.1,13,2.9,1.8,1.3,5.8,356
22105,2019-02-16 16:00,8.3,358,11.3,1018,70,3.8,13,3.2,2.1,1.5,7.1,327
22105,2019-02-16 17:00,8.6,13,11.2,1018.5,72,3.6,13.1,3.6,2.3,1.6,6.4,19
22105,2019-02-16 18:00,6,13,8.2,1019.3,66,3.3,13.1,3,2.1,1.5,7.1,8
22105,2019-02-16 19:00,4.4,23,6.1,1019.5,64,3.1,13.1,3.1,1.7,1.2,7.1,45
22105,2019-02-16 20:00,2.8,319,5.7,1020.1,57,3,13,2.9,1.7,1.2,7.1,39
22105,2019-02-16 21:00,3.9,325,6.6,,58,3.6,13,3,1.7,1.2,7.1,30
22105,2019-02-16 22:00,4.2,319,6.5,1020.3,54,3.4,13,2.9,1.7,1.2,8,25
22105,2019-02-16 23:00,2.6,293,5.1,1020.4,49,3.9,12.9,3.1,1.7,1.2,7.1,29
22105,2019-02-17 00:00,4.6,297,7.9,1020.3,50,3.7,12.8,2.6,1.5,1.1,8,42
22105,2019-02-17 01:00,5.1,288,7.6,1020.3,48,3.9,12.8,2.2,1.5,1.1,7.1,36
22105,2019-02-17 02:00,5.5,295,8.6,1020.4,49,3.5,12.8,2.5,1.3,1,7.1,40
22105,2019-02-17 03:00,4.3,310,6.9,1020.4,47,3.4,12.8,2.5,1.6,1.1,6.4,40
22105,2019-02-17 04:00,5.1,301,7.9,1020.5,50,3.5,12.6,2.5,1.3,.9,7.1,46
22105,2019-02-17 05:00,4.6,309,7,1020.6,46,2.8,12.5,2.1,1.1,.8,7.1,40
22105,2019-02-17 06:00,5.1,312,7.3,1020.7,48,2.9,12.4,2.3,1.3,.9,7.1,32
22105,2019-02-17 07:00,5,302,7.6,1020.9,50,2.5,12.2,2,1.2,.9,6.4,49
22105,2019-02-17 08:00,4.9,291,6.9,1021.6,51,2.6,12,1.8,1.1,.8,7.1,35
22105,2019-02-17 09:00,3.3,317,5.6,1022.2,49,2.5,11.9,1.8,1.1,.8,6.4,41
22105,2019-02-17 10:00,3.5,313,6.1,1022.6,48,2.4,11.9,2.1,1.1,.8,6.4,43
22105,2019-02-17 11:00,3.2,289,5.1,1022.8,47,2.6,12,2.1,1.4,1,6.4,34
22105,2019-02-17 12:00,2.7,284,4.4,1022.8,48,2.9,12,2.4,1.2,.9,6.4,27
22105,2019-02-17 13:00,1.5,314,4.2,1022.3,48,3.1,12,1.7,1,.7,6.4,35
22105,2019-02-17 14:00,.7,278,2.4,1021.7,46,3.3,12.1,1.6,1,.7,6.4,27
22105,2019-02-17 15:00,.9,211,2.6,1021.3,48,3.6,12.2,1.5,1,.7,5.8,32
22105,2019-02-17 16:00,1.6,205,3.1,1021,43,4,12.2,1.5,.9,.6,5.8,38
22105,2019-02-17 17:00,2.5,174,4.4,1020.9,44,4.1,12.2,1.3,.8,.5,4.9,7
22105,2019-02-17 18:00,3.2,198,5.1,1020.8,43,4.5,12.1,1.2,.7,.5,5.8,25
22105,2019-02-17 19:00,4.3,185,5.6,1020.7,46,4.7,12,1,.7,.5,5.3,17
22105,2019-02-17 20:00,4.7,194,6.5,1020.8,46,5.5,11.9,1.1,.6,.5,7.1,41
22105,2019-02-17 21:00,4.4,197,6,1020.9,47,6.5,11.9,1,.7,.5,4.9,21
22105,2019-02-17 22:00,2.8,242,4.2,1021.2,40,6.6,11.8,1.1,.7,.5,5.8,20
22105,2019-02-17 23:00,3.5,257,5.7,1021.7,39,7.2,11.8,1.1,.6,.4,5.8,34
22105,2019-02-18 00:00,3.7,278,5.5,1021.7,38,6.9,11.8,1.1,.7,.5,6.4,53
22105,2019-02-18 01:00,4.1,292,5.5,1022.1,35,6.9,11.8,1.1,.6,.5,5.8,43
22105,2019-02-18 02:00,3.8,299,5.1,1022.1,34,6.5,11.8,1.5,.8,.6,6.4,52
22105,2019-02-18 03:00,2.9,314,4.6,1022.4,38,6.7,11.8,1.4,.8,.6,6.4,54
22105,2019-02-18 04:00,2.6,335,4.1,1022.3,40,6.5,11.8,1.4,.9,.6,7.1,50
22105,2019-02-18 05:00,3.5,322,5.3,1022.2,45,6.6,11.8,1.4,.8,.6,5.8,39
22105,2019-02-18 06:00,3.7,309,5.3,1023.4,39,6.8,11.8,1.4,.9,.7,6.4,49
22105,2019-02-18 07:00,2,340,4,1023.3,41,6.3,11.8,1.4,.9,.6,4.6,351
22105,2019-02-18 08:00,1.1,295,2.4,1023.9,42,6.7,11.8,1.2,.8,.6,4.6,336
22105,2019-02-18 09:00,1.2,343,2.8,1024.7,43,7,11.8,1.3,.9,.6,5.8,26
22105,2019-02-18 10:00,.3,228,1.5,1025.1,41,7.3,11.8,1.5,.9,.6,5.8,17
22105,2019-02-18 11:00,.3,52,1.1,1025,41,7.6,11.9,1.4,.8,.6,6.4,5
22105,2019-02-18 12:00,.4,145,1.4,1024.8,42,7.7,12.1,1.5,.8,.6,5.8,10
22105,2019-02-18 13:00,.8,129,1.6,1024.7,43,7.6,12.2,1.3,.8,.6,6.4,4
22105,2019-02-18 15:00,1.8,136,3.2,1023.2,44,7.6,12.3,1.1,.8,.6,5.8,13
22105,2019-02-18 16:00,2.7,158,4,1023.3,48,7.8,12.1,1.1,.7,.5,5.3,9
22105,2019-02-18 17:00,2.8,145,4.6,1023,47,7.9,12.1,.9,.6,.5,6.4,14
22105,2019-02-18 18:00,3.5,154,5.9,1023,50,8.2,12,1.2,.7,.5,5.3,357
22105,2019-02-18 19:00,4.2,170,6,1023.2,51,8.1,11.9,.8,.5,.4,5.8,8
22105,2019-02-18 20:00,4.3,166,5.5,1023,53,8.7,11.9,.9,.5,.3,5.3,6
22105,2019-02-18 21:00,5.4,175,7.1,1022.7,60,9,11.9,.9,.6,.4,2.2,200
22105,2019-02-18 22:00,6.1,174,7.8,1022.6,55,8.6,12.5,1.1,.7,.5,2.5,211
22105,2019-02-18 23:00,6.5,183,8,,51,9.3,13,1.2,.8,.5,3.2,202
22105,2019-02-19 00:00,6.8,187,8.4,1021.6,52,9.9,13,1.4,.9,.7,3.6,203
22105,2019-02-19 01:00,7.7,199,9.5,,41,9.8,13,1.7,.9,.7,3.8,225
22105,2019-02-19 02:00,5.2,219,8.5,1020.4,47,10,13.1,1.6,.9,.7,4,202
22105,2019-02-19 03:00,3.4,187,5.7,1020,47,9.7,13.1,1.4,.8,.6,4,207
22105,2019-02-19 04:00,7.5,213,13,1020.5,50,8.5,13.1,1.3,.8,.6,3.6,194
22105,2019-02-19 05:00,5.4,208,8.3,1019.8,64,7.2,13.1,1.6,.9,.7,3.6,214
22105,2019-02-19 06:00,4.4,195,6.6,1018.8,68,6.2,13.1,1.5,.9,.6,3.8,168
22105,2019-02-19 07:00,4.4,187,6.1,1018.7,74,6.5,13.1,1.2,.9,.6,3.8,180
22105,2019-02-19 08:00,4.2,216,5.7,1018.5,77,6.4,13,1.1,.7,.5,3.8,164
22105,2019-02-19 09:00,2.6,225,4.1,1018.3,81,6.3,13,1,.7,.5,4,193
22105,2019-02-19 10:00,1.6,210,2.6,1017.6,83,6.4,13,1,.6,.4,4,166
22105,2019-02-19 11:00,1.6,149,2.7,1016.2,83,6.6,13.3,1.1,.6,.4,4.3,163
22105,2019-02-19 12:00,.7,126,2.1,1015.1,85,6.7,13.4,.9,.5,.4,4,149
22105,2019-02-19 13:00,1.4,282,2.4,1014.5,86,6.8,13.3,.8,.5,.3,3.6,177
22105,2019-02-19 14:00,5,304,6.5,1014,85,6.9,13.4,.6,.4,.3,3.2,150
22105,2019-02-19 15:00,4.9,325,6.2,1013.3,82,7.2,13.5,.7,.5,.3,2.4,323
22105,2019-02-19 16:00,6.3,342,7.9,1013.1,82,6.8,13.5,.8,.6,.4,2.8,335
22105,2019-02-19 17:00,5.6,330,7.1,1013.2,80,6.9,13.5,1,.7,.5,3,335
22105,2019-02-19 18:00,6.2,319,7.9,1013.7,79,7.3,13.4,1.2,.8,.6,3.4,320
22105,2019-02-19 19:00,7.2,323,9.1,1014.3,76,6.9,13.4,1.3,.8,.6,3.4,350
22105,2019-02-19 20:00,7.6,319,9.9,1015.6,75,7.4,13.3,1.7,1,.7,4,339
22105,2019-02-19 21:00,7.4,312,9.4,1016,72,7.3,13.3,1.7,1.1,.8,3.8,325
22105,2019-02-19 22:00,6.9,309,8.7,1016.8,69,7,13.3,2.2,1.1,.8,4.3,329
22105,2019-02-19 23:00,7.5,313,9.7,1017.2,68,7.6,13.3,1.8,1.1,.8,4,327
22105,2019-02-20 00:00,5.2,321,7.4,1017.5,62,6.9,13.3,1.7,1.1,.8,4.3,337
22105,2019-02-20 01:00,5.6,326,8.1,1017.2,57,7.3,13.2,1.5,1.1,.8,4.9,355
22105,2019-02-20 02:00,4.6,312,7.1,1017.4,58,6.7,13.2,1.6,1.1,.8,4.3,16
22105,2019-02-20 03:00,6.7,326,9.4,1017.6,59,6.9,13.2,2,1.2,.8,4.3,358
22105,2019-02-20 04:00,6.1,294,8.2,1017.9,52,6.3,13.2,1.7,.9,.6,4.3,351
22105,2019-02-20 05:00,6.7,291,8.6,1018.1,59,6.7,13.2,1.6,1,.7,4.9,327
22105,2019-02-20 06:00,6,307,8.6,1018.5,56,6.8,13.2,1.6,1,.7,4.6,336
22105,2019-02-20 07:00,8.6,296,10.4,1018.6,58,6,13.1,1.9,1.1,.8,4.6,330
22105,2019-02-20 08:00,8,308,10.9,1019.4,58,6.2,13.1,2.1,1.2,.9,4.3,340
22105,2019-02-20 09:00,8.8,304,12,1020.1,58,5.8,13,2.5,1.6,1.2,4.9,322
22105,2019-02-20 10:00,8.6,304,11.8,1020.2,59,5.9,12.9,3.2,1.7,1.2,4.9,315
22105,2019-02-20 11:00,8.2,304,10.5,1020.6,58,5.6,12.9,2.2,1.5,1.1,5.3,342
22105,2019-02-20 12:00,9.8,303,14.2,1020.6,56,5.6,13,2.7,1.8,1.3,5.8,344
22105,2019-02-20 13:00,10.3,300,13.2,1020.5,56,5.7,12.9,2.8,1.9,1.3,5.8,337
22105,2019-02-20 14:00,9.9,321,13.3,1020.6,54,5.8,12.8,2.6,1.6,1.1,4.9,328
22105,2019-02-20 15:00,8,315,11.3,1021.2,52,5.8,12.6,2.6,1.6,1.2,5.8,327
22105,2019-02-20 16:00,8.6,325,12.1,1021.7,52,6.1,12.5,3.1,1.8,1.2,6.4,343
22105,2019-02-20 17:00,8.1,321,10.7,1022.3,48,6.3,12.5,3.2,1.7,1.2,5.8,331
22105,2019-02-20 18:00,8.1,337,11.4,1022.5,49,6.6,12.6,3.1,1.6,1.1,5.8,340
22105,2019-02-20 19:00,7.2,341,9.9,1022.8,54,6.7,12.6,3,1.7,1.2,7.1,349
22105,2019-02-20 20:00,5.1,357,8.1,1024.1,59,5.9,12.6,3.2,1.8,1.3,6.4,351
22105,2019-02-20 21:00,3.7,338,6.8,1024.2,53,6.5,12.6,2.9,1.7,1.2,6.4,347
22105,2019-02-20 22:00,4.4,341,6.2,1024.8,49,6.8,12.4,2.5,1.5,1.1,6.4,339
22105,2019-02-20 23:00,4.7,318,6.4,1025,50,6.4,12.5,1.9,1.3,.9,6.4,354
22105,2019-02-21 00:00,5.2,315,7.6,,54,6.7,12.6,1.9,1.2,.8,5.3,346
22105,2019-02-21 01:00,5.8,321,7.6,1025,54,6.4,12.7,1.8,1.2,.9,5.8,343
22105,2019-02-21 02:00,4.8,322,6.6,,54,6.7,12.7,1.7,1,.7,4.9,8
22105,2019-02-21 03:00,3.1,331,5.4,1025.1,52,6.4,12.6,1.3,.9,.6,5.8,20
22105,2019-02-21 04:00,2.8,2,4.4,1024.8,53,6.7,12.6,1.7,.9,.6,4.9,355
22105,2019-02-21 05:00,3.1,318,5.1,1024.9,54,6.2,12.5,1.4,.8,.6,4.6,13
22105,2019-02-21 06:00,2.4,331,4.5,,54,6.2,12.4,1.3,.8,.6,4.6,11
22105,2019-02-21 07:00,3.1,319,5.4,1025.6,55,6.6,12.4,1.3,.8,.6,4.9,31
22105,2019-02-21 08:00,2.6,335,3.8,1026.2,55,6.7,12.2,1.6,.9,.7,6.4,33
22105,2019-02-21 09:00,2,338,3.5,1026.6,54,6.8,12.1,1.8,1.1,.8,5.8,30
22105,2019-02-21 10:00,1.9,71,4.7,1026.3,60,6.8,11.8,1.4,.9,.7,6.4,43
22105,2019-02-21 11:00,3.4,73,5.1,1026.1,65,6.6,11.9,1.7,.9,.7,6.4,22
22105,2019-02-21 12:00,2.1,76,3.2,1026.5,63,6.6,11.9,1.7,1,.7,5.8,23
22105,2019-02-21 13:00,1.3,102,3.3,1025.9,64,6.9,12,1.4,.9,.6,5.8,8
22105,2019-02-21 14:00,1.8,125,3.8,1025,60,7,12.1,1.5,.9,.6,5.3,8
22105,2019-02-21 15:00,2,143,4.1,1024.5,56,7.3,12.2,1.3,.9,.6,5.3,13
22105,2019-02-21 16:00,2.1,126,3.5,1024.2,54,7.4,12.1,1.4,.8,.5,5.3,39
22105,2019-02-21 17:00,2.8,145,4.8,1024,56,7.4,12,1.2,.7,.5,6.4,44
22105,2019-02-21 18:00,3.8,153,5.4,1023.7,54,7.6,12,1.1,.8,.5,7.1,38
22105,2019-02-21 19:00,4.9,166,6.3,1024.1,54,7.8,11.9,1.3,.7,.5,6.4,38
22105,2019-02-21 20:00,5.6,175,7.5,1024.3,53,7.7,12.1,1.5,.9,.6,8,38
22105,2019-02-21 21:00,5.9,168,7.8,1023.9,56,8.2,11.9,1.6,.9,.7,8,91
22105,2019-02-21 22:00,6.5,173,8.4,1023.9,56,8.3,11.9,1.9,1,.7,6.4,43
22105,2019-02-21 23:00,7.2,175,8.9,1023.5,59,8.2,11.9,1.6,1,.7,7.1,39
22105,2019-02-22 00:00,7.4,178,9.1,,62,8.8,11.9,2,1.1,.8,6.4,45
22105,2019-02-22 01:00,7.4,177,9.1,1022.7,63,8.6,11.9,1.8,1.1,.8,6.4,36
22105,2019-02-22 02:00,6.8,196,8.5,1022.3,56,9.2,11.9,1.8,1.1,.8,6.4,44
22105,2019-02-22 03:00,6.9,194,8.5,1021.7,53,8.8,11.9,1.8,1.1,.8,7.1,41
22105,2019-02-22 04:00,6.4,195,7.9,1020.9,54,8.9,11.9,1.7,1,.7,6.4,58
22105,2019-02-22 05:00,6.1,192,8.2,,55,8.6,11.9,1.6,1,.7,4,197
22105,2019-02-22 06:00,5.9,186,7.7,1020.7,54,8.8,11.9,1.5,1,.7,6.4,81
22105,2019-02-22 07:00,5.3,195,7.7,1020.8,55,8.9,12,1.4,.9,.6,4,180
22105,2019-02-22 08:00,4.8,190,6,1021.1,54,9,11.9,1.4,.9,.7,3.8,179
22105,2019-02-22 09:00,2.7,207,4,1021.5,57,8.6,11.9,1.3,.8,.6,3.8,174
22105,2019-02-22 10:00,3.2,184,5.1,1021.6,52,9,11.9,1.4,.8,.5,3.4,160
22105,2019-02-22 11:00,2.1,183,3.6,1021.1,48,8.9,11.9,1.3,.7,.5,3.4,201
22105,2019-02-22 12:00,.1,191,1.7,1020.7,45,9.5,12,1,.7,.5,6.4,53
22105,2019-02-22 13:00,1,263,2.1,1020.1,46,9.3,12.2,1.2,.7,.5,8,44
22105,2019-02-22 14:00,1,227,2,1019.5,48,9.3,12.3,1.1,.7,.5,8,63
22105,2019-02-22 15:00,.7,86,1.8,1019.3,47,9.8,12.6,1.1,.7,.5,8,65
22105,2019-02-22 16:00,.7,292,1.7,1019.1,50,9.8,12.6,.9,.6,.4,6.4,46
22105,2019-02-22 17:00,6.4,6,8,1018.8,70,8.6,12.3,1.3,.7,.5,6.4,64
22105,2019-02-22 18:00,5.3,9,6.4,1019,68,8.4,12.3,1,.6,.5,7.1,83
22105,2019-02-22 19:00,4.1,12,5.1,1019.5,66,8.2,12,1.1,.7,.5,6.4,38
22105,2019-02-22 20:00,4.3,357,5.9,1019.8,65,7.9,12,1.2,.7,.5,6.4,85
22105,2019-02-22 21:00,2.7,339,4,,64,8.2,12.2,1.3,.6,.5,5.8,74
22105,2019-02-22 22:00,3.3,343,4.5,1020.1,62,8.2,12.6,.9,.5,.4,6.4,83
22105,2019-02-22 23:00,4.1,337,5.8,1020.2,56,7.9,12.7,.8,.5,.4,6.4,93
22105,2019-02-23 00:00,4.8,340,6.7,1020.3,53,8.4,12.7,1.2,.6,.4,6.4,84
22105,2019-02-23 01:00,6,336,7.7,1020.1,55,8,12.7,1,.6,.4,6.4,88
22105,2019-02-23 02:00,7.1,348,8.7,1020.1,56,8.1,12.7,1.4,.8,.6,3.2,321
22105,2019-02-23 03:00,7.6,351,10.1,1020.3,60,7.5,12.5,1.3,.9,.6,3.8,333
22105,2019-02-23 04:00,8.1,348,10.2,1020.2,65,7.9,11.9,1.8,1.1,.8,4.3,334
22105,2019-02-23 05:00,8.4,4,10.6,1020.5,65,7.3,11.9,1.8,1.2,.8,4.3,350
22105,2019-02-23 06:00,7.9,29,10.5,1021.2,68,8,11.9,1.8,1.2,.9,4.3,355
22105,2019-02-23 07:00,9,25,12.1,1022.2,68,8.3,11.9,2.3,1.3,.9,4.6,334
22105,2019-02-23 08:00,9.3,19,11.9,1023.1,70,8,11.9,2.2,1.3,.9,4.6,349
22105,2019-02-23 09:00,9,29,11.5,1024.2,59,7.9,11.9,2.1,1.4,1,4.9,21
22105,2019-02-23 10:00,7.3,40,10,1024.7,53,8,11.9,2.2,1.5,1,4.3,24
22105,2019-02-23 11:00,7.8,40,10.3,1025.1,49,7.8,11.9,2.5,1.6,1.1,4.9,15
22105,2019-02-23 12:00,6.8,36,9.6,1025,52,7.7,11.9,2.4,1.7,1.2,4.9,37
22105,2019-02-23 13:00,6,31,8,1024.8,48,7.5,11.9,2.7,1.5,1.1,4.9,54
22105,2019-02-23 14:00,5.5,40,7.8,1024.5,47,7.3,12,2.6,1.4,1,5.3,73
22105,2019-02-23 15:00,5.4,38,7.6,1024.5,47,7.1,12,2,1.3,.9,5.8,66
22105,2019-02-23 16:00,5,31,7,1024.7,44,7.1,12.5,2.3,1.4,1,6.4,55
22105,2019-02-23 17:00,3.7,32,5.7,1024.9,43,7.2,12.6,2.4,1.5,1.1,6.4,58
22105,2019-02-23 18:00,2.7,36,4.4,1025.1,43,7.1,12.6,2,1.4,1,5.8,42
22105,2019-02-23 19:00,1.7,97,3.7,1025.8,44,7.1,12.7,2,1.3,1,5.8,50
22105,2019-02-23 20:00,1.4,40,3.2,1025.7,40,6.6,12.8,2.1,1.2,.9,5.3,49
22105,2019-02-23 21:00,1.8,99,3.6,1025.8,43,7.1,12.8,1.9,1.1,.8,5.8,61
22105,2019-02-23 22:00,2.1,150,3.2,,42,7.3,12.8,1.5,1,.7,6.4,58
22105,2019-02-23 23:00,2.1,150,3.3,1025.6,41,7,12.7,1.4,.9,.6,6.4,57
22105,2019-02-24 00:00,2.7,168,5.5,1025.2,45,7.4,12.6,1.4,.8,.6,5.3,56
22105,2019-02-24 01:00,3.4,169,5.2,1025,44,7.2,12.7,1.4,.8,.6,5.3,85
22105,2019-02-24 02:00,4.9,179,6.7,1024.6,48,7.7,12.6,1.1,.7,.5,4.6,78
22105,2019-02-24 03:00,5.8,182,7.8,1023.8,50,7.6,12.6,1.2,.7,.5,6.4,59
22105,2019-02-24 04:00,6.4,187,8.4,1023.2,53,8.1,12.6,1.6,.8,.6,6.4,101
22105,2019-02-24 05:00,6.9,195,9.1,1022.9,55,8,12.5,1.5,.8,.6,5.3,74
22105,2019-02-24 06:00,7.4,194,9.2,1022.7,59,8.5,12.2,1.6,1,.7,3.4,190
22105,2019-02-24 07:00,7.6,194,9.6,1022.8,60,8.7,11.7,1.8,1.1,.8,3.4,168
22105,2019-02-24 08:00,8.3,193,10,1023.1,58,8.8,11.3,1.7,1.2,.9,4.3,208
22105,2019-02-24 09:00,7.7,196,9.4,1023.2,59,9,11.2,2,1.2,.9,3.8,192
22105,2019-02-24 10:00,6.9,197,8.5,1022.9,58,8.9,11.1,1.8,1.1,.8,4,189
22105,2019-02-24 11:00,7.5,193,9.1,1021.8,57,9,11.6,1.7,1,.7,3.8,187
22105,2019-02-24 12:00,5,206,6.5,1021.3,56,9.2,11.8,1.4,1,.7,3.8,190
22105,2019-02-24 13:00,2.8,194,3.8,1020.1,51,9.6,11.9,1.3,.8,.6,3.6,165
22105,2019-02-24 14:00,2.3,200,3.4,1018.8,46,10.1,12.2,1.1,.7,.5,5.3,117
22105,2019-02-24 15:00,3.2,168,4.1,1018,45,10.6,12.3,1.2,.7,.5,3.4,169
22105,2019-02-24 16:00,4,181,5.2,1017.9,46,10.9,12.5,.9,.6,.4,5.3,68
22105,2019-02-24 17:00,5.7,184,6.7,1017.6,52,11,12.6,.9,.6,.4,5.8,113
22105,2019-02-24 18:00,6.2,192,7.7,1017.2,54,11.6,12.6,1,.6,.5,2.5,189
22105,2019-02-24 19:00,7.4,184,9.3,1017,67,11.5,12.4,1.5,.9,.6,3.6,156
22105,2019-02-24 20:00,7.5,176,9,1017,69,11.4,12.2,1.6,.9,.7,3.4,168
22105,2019-02-24 21:00,4.5,195,6.1,1016.9,74,12.2,12.1,1.7,1,.7,4.3,155
22105,2019-02-24 22:00,4.1,258,5.7,1017.1,52,12.3,11.9,1.7,1,.7,4.6,171
22105,2019-02-24 23:00,4.9,277,6.6,1017.2,51,11.5,11.8,1.7,.9,.6,4.9,169
22105,2019-02-25 00:00,6.9,287,9.3,1016.9,48,11.6,11.9,1.6,1,.7,4.6,170
22105,2019-02-25 01:00,7,299,8.7,1016.6,48,11.1,11.9,1.5,1,.7,3.4,241
22105,2019-02-25 02:00,7.6,291,9.1,1016.3,47,11.3,12.1,1.7,1,.7,3.6,249
22105,2019-02-25 03:00,6.3,291,7.4,1016.5,40,11.2,12.2,1.7,1.1,.8,4.9,304
22105,2019-02-25 04:00,6.2,308,8.2,1017,47,11.4,12.1,1.6,1,.7,4.6,285
22105,2019-02-25 05:00,7.6,324,9.4,1017.1,45,10.8,12,1.7,1,.7,4,294
22105,2019-02-25 06:00,7.4,336,9.6,1017.6,51,10.3,11.7,1.7,1,.7,4.3,313
22105,2019-02-25 07:00,8.2,344,10.8,1017.6,51,10.4,11.7,1.7,1.2,.8,4.6,321
22105,2019-02-25 08:00,8.5,360,10.7,1018.4,51,9.9,11.7,2,1.4,1,4.9,341
22105,2019-02-25 09:00,9.1,11,11.3,1019.3,51,8.9,11.7,2.7,1.8,1.3,4.9,338
22105,2019-02-25 10:00,6.5,22,8.5,1020.2,53,8.7,11.7,2.9,1.6,1.1,5.3,349
22105,2019-02-25 11:00,5,47,7.3,1020.2,56,8.7,11.8,3.2,1.7,1.2,5.8,335
22105,2019-02-25 12:00,5.7,58,7.5,1020.3,55,8.8,11.8,2.3,1.7,1.2,5.8,346
22105,2019-02-25 13:00,6.5,57,8.4,,54,8.4,12,3,1.6,1.1,5.8,327
22105,2019-02-25 14:00,6.2,62,8.3,1019.5,54,8.2,12.2,2.4,1.4,1,5.8,334
22105,2019-02-25 15:00,5.5,70,7.5,1019.4,53,8.3,12.4,2.6,1.4,1,5.8,327
22105,2019-02-25 16:00,5.6,69,7.5,1019.6,51,8.2,13.5,2.2,1.4,1,4.9,352
22105,2019-02-25 17:00,5.7,76,8.3,1019.9,53,8.3,13.7,2.6,1.5,1,5.3,352
22105,2019-02-25 18:00,5.6,85,7.9,1020.1,53,8.1,13.7,2.4,1.6,1.1,5.8,358
22105,2019-02-25 19:00,6,84,8.2,1020.6,52,7.7,13.6,2.3,1.3,.9,5.3,24
22105,2019-02-25 20:00,5.1,98,6.8,1021,51,7.9,13.2,2.3,1.3,.9,5.8,28
22105,2019-02-25 21:00,5,115,6.7,1021.3,53,8.3,12.3,2,1.2,.8,6.4,39
22105,2019-02-25 22:00,4.8,133,6.3,1021.8,54,8.3,11.8,2.1,1.1,.8,5.8,42
22105,2019-02-25 23:00,4.7,131,6.6,1021.7,53,7.9,12,2.1,1.2,.8,5.8,32
22105,2019-02-26 00:00,3.7,139,5.3,1021.9,54,8.3,12,1.7,.9,.7,5.8,39
22105,2019-02-26 01:00,4,135,6,1021.7,56,8.1,12,1.5,1,.7,5.8,33
22105,2019-02-26 02:00,3.7,158,5.7,1021.8,57,8.6,12,1.6,1,.7,5.8,37
22105,2019-02-26 03:00,3.8,154,5.4,1021.6,56,8.1,11.8,1.6,1,.7,5.3,58
22105,2019-02-26 04:00,3.9,158,5.4,1021.5,57,8.6,12,1.9,1,.7,5.8,53
22105,2019-02-26 05:00,3,175,4.3,1021.8,58,8.4,12,1.4,.9,.6,4.9,63
22105,2019-02-26 06:00,3.6,176,5.1,1021.6,57,8.5,12,1.2,.8,.6,5.3,63
22105,2019-02-26 07:00,5.4,157,7.3,1021.5,61,8.9,13.2,1.5,.8,.6,5.3,46
22105,2019-02-26 08:00,5.9,180,7.8,1021.6,60,9.2,13.7,1.3,.8,.6,4.9,65
22105,2019-02-26 09:00,3.3,286,5.7,1022.8,57,9.2,13.8,1.1,.7,.5,4.9,81
22105,2019-02-26 10:00,5.4,323,7.7,1023.3,54,9.4,13.9,1.3,.8,.5,5.8,52
22105,2019-02-26 11:00,6.8,340,8.2,1023.4,57,8.7,13.9,1.1,.7,.5,5.3,95
22105,2019-02-26 12:00,6.4,334,8.4,1023.2,54,8.8,13.7,1.3,.8,.6,3.4,356
22105,2019-02-26 13:00,7.6,333,9.9,1023,61,8.3,13.6,1.7,1,.7,3.8,359
22105,2019-02-26 14:00,7.4,334,9.4,1022.5,62,8.4,13.2,2.2,1.2,.8,4.6,325
22105,2019-02-26 15:00,6.5,345,8.1,1022.3,59,8.2,13.1,1.8,1.2,.8,4.6,345
22105,2019-02-26 16:00,5.7,3,7.4,1022.4,60,8,12.9,1.7,1.1,.8,4.9,16
22105,2019-02-26 17:00,6.3,13,8.6,1022.6,57,8,13,1.9,1.2,.8,5.3,320
22105,2019-02-26 18:00,5.9,21,8,1022.6,56,8.2,13.7,1.5,1.1,.8,4.9,336
22105,2019-02-26 19:00,6,27,7.6,1022.7,55,8.2,13.7,1.6,1,.7,4.9,356
22105,2019-02-26 20:00,4.5,29,6.1,1023.9,56,7.8,13.7,1.6,1,.7,4.9,348
22105,2019-02-26 21:00,5.1,28,6.8,1023.7,58,8.2,13.7,1.4,.8,.6,4.6,16
22105,2019-02-26 22:00,4.4,51,6.1,1024.3,61,8.1,13.8,1.5,.9,.6,4.6,13
22105,2019-02-26 23:00,4.5,56,6.6,1024.2,59,7.9,13.9,1.5,.8,.6,4.3,4
22105,2019-02-27 00:00,3,68,4.4,1025.2,59,8.2,13.9,1.4,.8,.6,4.6,56
22105,2019-02-27 01:00,1.5,57,3.4,1025.3,56,8,14,1.2,.8,.6,4.9,24
22105,2019-02-27 02:00,5.4,64,7.1,1024.9,63,8.5,14,1.6,1,.7,4.3,38
22105,2019-02-27 03:00,4.2,80,6.3,1025.6,60,8.4,14,1.9,1,.7,4.6,39
22105,2019-02-27 04:00,5.1,76,6.7,1024.8,59,8.8,14.1,1.5,.9,.7,4.3,43
22105,2019-02-27 05:00,5.2,84,7.3,1024.2,61,8.5,14.3,1.6,.9,.6,4.3,70
22105,2019-02-27 06:00,5.9,97,7.6,1023.9,64,8.4,14.4,1.5,1,.7,5.3,47
22105,2019-02-27 07:00,6.4,128,8.8,1024.2,64,9,14.4,1.7,1,.7,5.3,40
22105,2019-02-27 08:00,6.5,114,8.7,,63,9,14.4,1.9,1.3,.9,5.3,54
22105,2019-02-27 09:00,8.7,113,10.8,1024.1,70,9,14.4,2.6,1.3,.9,5.8,53
22105,2019-02-27 10:00,9.3,124,11.2,1023.6,69,9,14.4,1.9,1.3,1,4.6,81
22105,2019-02-27 11:00,8.8,128,11,1023,70,9.3,14.4,2.6,1.6,1.1,5.3,81
22105,2019-02-27 12:00,8.7,130,10.7,1022.2,72,9.6,14.3,2.5,1.5,1.1,5.8,55
22105,2019-02-27 13:00,7.1,164,8.6,1021.4,62,9.9,14.3,2.1,1.4,1,5.3,67
22105,2019-02-27 14:00,6.4,179,8.4,1020.4,65,9.9,14.2,2.2,1.4,1,5.8,68
22105,2019-02-27 15:00,6,176,7.6,1019.7,58,9.8,13.8,1.8,1.2,.9,5.8,67
22105,2019-02-27 16:00,6.5,168,7.9,1019,58,10,13.5,2,1.2,.8,5.3,81
22105,2019-02-27 17:00,7,174,8.7,1019.5,59,10.2,13.3,1.9,1,.7,5.3,78
22105,2019-02-27 18:00,6.9,166,8.5,1019.1,55,10.5,13.1,1.7,1,.7,5.3,50
22105,2019-02-27 19:00,6.4,164,7.8,1019,62,10.5,13,1.8,1,.7,4.9,79
22105,2019-02-27 20:00,7.2,158,8.5,1018.8,64,10,12.9,1.6,1.1,.8,5.3,78
22105,2019-02-27 21:00,8.5,159,10.3,1018.8,66,10,12.8,2.1,1.1,.8,5.3,103
22105,2019-02-27 22:00,8.3,163,10.2,1018.8,69,10.2,12.7,1.9,1.2,.9,4.9,93
22105,2019-02-27 23:00,7.7,174,9.7,1018.1,66,9.9,12.5,1.8,1.2,.9,3.8,197
22105,2019-02-28 00:00,7,181,9.7,1017.5,70,10,12.3,2.2,1.2,.9,4,142
